chemont_id	wd_id	comment
CHEMONTID:9999999	Q113145171	exact
CHEMONTID:0000000	Q174211	exact
CHEMONTID:0000001	Q190065	exact
CHEMONTID:0000002	Q193430	broad
CHEMONTID:0000003	null	see Q180508
CHEMONTID:0000004	Q422785	exact
CHEMONTID:0000005	null	see Q27125794
CHEMONTID:0000006	null	see Q57246582
CHEMONTID:0000007	Q423088	
CHEMONTID:0000008	Q108117745	broad
CHEMONTID:0000009	Q61504032	exact
CHEMONTID:0000010	Q126255433	exact
CHEMONTID:0000011	Q11358	broad
CHEMONTID:0000012	Q11367	broad
CHEMONTID:0000013	null	see Q8066,Q172847
CHEMONTID:0000014	Q126257317	exact
CHEMONTID:0000015	Q76825007	exact
CHEMONTID:0000016	Q411369	exact
CHEMONTID:0000017	Q413343	exact
CHEMONTID:0000018	Q77835544	exact
CHEMONTID:0000019	Q76722904	exact
CHEMONTID:0000020	Q73903019	exact
CHEMONTID:0000021	null	see Q50377151,Q126259768
CHEMONTID:0000022	Q75010914	exact
CHEMONTID:0000023	Q66107492	exact
CHEMONTID:0000024	Q126260521	exact
CHEMONTID:0000025	Q126261032	exact
CHEMONTID:0000026	Q74690018	exact
CHEMONTID:0000027	Q74738211	exact
CHEMONTID:0000028	null	see Q3065731
CHEMONTID:0000029	Q97500908	exact
CHEMONTID:0000030	null	CXSMILES
CHEMONTID:0000031	Q124338655	exact
CHEMONTID:0000032	Q76547151	small
CHEMONTID:0000033	Q107370505	exact
CHEMONTID:0000034	Q1448085	exact,CXSMILES
CHEMONTID:0000035	Q124650502	exact,CXSMILES
CHEMONTID:0000036	Q67593658	exact,CXSMILES
CHEMONTID:0000037	Q67580968	exact,CXSMILES
CHEMONTID:0000038	null	see Q82858973,Q83081247
CHEMONTID:0000039	Q126271359	exact
CHEMONTID:0000040	null	
CHEMONTID:0000041	null	
CHEMONTID:0000042	null	see Q413486
CHEMONTID:0000043	null	
CHEMONTID:0000044	null
CHEMONTID:0000045	null	see Q123346963
CHEMONTID:0000046	null	see Q65658502
CHEMONTID:0000047	null	see Q421193
CHEMONTID:0000048	Q66107681	exact
CHEMONTID:0000049	null	see Q29638093
CHEMONTID:0000050	Q59078	exact
CHEMONTID:0002448
CHEMONTID:0000261
CHEMONTID:0000264
CHEMONTID:0000279
CHEMONTID:0003865
CHEMONTID:0000267
CHEMONTID:0000462
CHEMONTID:0004707
CHEMONTID:0000289
CHEMONTID:0004603
CHEMONTID:0000400
CHEMONTID:0000422
CHEMONTID:0000423
CHEMONTID:0000424
CHEMONTID:0001568
CHEMONTID:0001392
CHEMONTID:0003297
CHEMONTID:0004150
CHEMONTID:0002837
CHEMONTID:0003608
CHEMONTID:0003609
CHEMONTID:0003610
CHEMONTID:0003629
CHEMONTID:0003630
CHEMONTID:0003866
CHEMONTID:0004469
CHEMONTID:0004557
CHEMONTID:0000278
CHEMONTID:0001198
CHEMONTID:0000323
CHEMONTID:0000265
CHEMONTID:0002279
CHEMONTID:0000301
CHEMONTID:0001510
CHEMONTID:0001253
CHEMONTID:0002566
CHEMONTID:0000317
CHEMONTID:0000058
CHEMONTID:0000488
CHEMONTID:0000064
CHEMONTID:0002052
CHEMONTID:0000066
CHEMONTID:0001346
CHEMONTID:0000068
CHEMONTID:0000069
CHEMONTID:0000070
CHEMONTID:0000071
CHEMONTID:0000295
CHEMONTID:0000073
CHEMONTID:0000076
CHEMONTID:0000436
CHEMONTID:0002490
CHEMONTID:0001629
CHEMONTID:0000082
CHEMONTID:0000086
CHEMONTID:0000089
CHEMONTID:0000090
CHEMONTID:0000091
CHEMONTID:0000092
CHEMONTID:0000094
CHEMONTID:0000096
CHEMONTID:0000097
CHEMONTID:0000098
CHEMONTID:0000102
CHEMONTID:0000103
CHEMONTID:0000104
CHEMONTID:0000105
CHEMONTID:0000106
CHEMONTID:0000107
CHEMONTID:0002491
CHEMONTID:0000109
CHEMONTID:0000123
CHEMONTID:0000126
CHEMONTID:0001819
CHEMONTID:0000130
CHEMONTID:0000134
CHEMONTID:0002341
CHEMONTID:0000253
CHEMONTID:0000145
CHEMONTID:0000147
CHEMONTID:0000319
CHEMONTID:0000154
CHEMONTID:0000159
CHEMONTID:0000160
CHEMONTID:0000166
CHEMONTID:0000175
CHEMONTID:0000328
CHEMONTID:0000181
CHEMONTID:0000211
CHEMONTID:0002389
CHEMONTID:0000191
CHEMONTID:0000343
CHEMONTID:0000193
CHEMONTID:0000195
CHEMONTID:0001455
CHEMONTID:0000213
CHEMONTID:0000218
CHEMONTID:0000219
CHEMONTID:0000220
CHEMONTID:0000221
CHEMONTID:0000222
CHEMONTID:0000224
CHEMONTID:0000463
CHEMONTID:0000231
CHEMONTID:0000233
CHEMONTID:0000236
CHEMONTID:0000238
CHEMONTID:0000240
CHEMONTID:0000243
CHEMONTID:0000244
CHEMONTID:0001797
CHEMONTID:0000251
CHEMONTID:0000252
CHEMONTID:0000256
CHEMONTID:0000257
CHEMONTID:0000258
CHEMONTID:0000259
CHEMONTID:0003909
CHEMONTID:0000472
CHEMONTID:0000268
CHEMONTID:0000269
CHEMONTID:0004434
CHEMONTID:0000277
CHEMONTID:0000293
CHEMONTID:0000294
CHEMONTID:0000296
CHEMONTID:0000302
CHEMONTID:0000304
CHEMONTID:0000305
CHEMONTID:0000307
CHEMONTID:0000309
CHEMONTID:0000311
CHEMONTID:0000312
CHEMONTID:0000313
CHEMONTID:0000314
CHEMONTID:0000315
CHEMONTID:0001851
CHEMONTID:0001435
CHEMONTID:0000419
CHEMONTID:0000334
CHEMONTID:0000344
CHEMONTID:0001370
CHEMONTID:0002506
CHEMONTID:0000359
CHEMONTID:0000360
CHEMONTID:0000364
CHEMONTID:0000368
CHEMONTID:0000377
CHEMONTID:0000378
CHEMONTID:0000381
CHEMONTID:0000389
CHEMONTID:0000401
CHEMONTID:0000402
CHEMONTID:0000403
CHEMONTID:0001372
CHEMONTID:0001371
CHEMONTID:0000412
CHEMONTID:0003940
CHEMONTID:0000498
CHEMONTID:0000425
CHEMONTID:0000426
CHEMONTID:0000427
CHEMONTID:0000428
CHEMONTID:0000429
CHEMONTID:0000430
CHEMONTID:0000431
CHEMONTID:0000432
CHEMONTID:0000433
CHEMONTID:0000434
CHEMONTID:0000435
CHEMONTID:0000437
CHEMONTID:0000438
CHEMONTID:0000439
CHEMONTID:0000440
CHEMONTID:0000441
CHEMONTID:0000442
CHEMONTID:0000443
CHEMONTID:0000444
CHEMONTID:0000445
CHEMONTID:0000446
CHEMONTID:0000447
CHEMONTID:0000448
CHEMONTID:0000449
CHEMONTID:0000450
CHEMONTID:0000451
CHEMONTID:0000453
CHEMONTID:0000454
CHEMONTID:0000455
CHEMONTID:0000456
CHEMONTID:0000457
CHEMONTID:0000458
CHEMONTID:0000459
CHEMONTID:0000460
CHEMONTID:0000461
CHEMONTID:0000464
CHEMONTID:0000476
CHEMONTID:0000479
CHEMONTID:0000480
CHEMONTID:0000482
CHEMONTID:0000484
CHEMONTID:0000491
CHEMONTID:0000492
CHEMONTID:0000493
CHEMONTID:0002285
CHEMONTID:0001157
CHEMONTID:0000506
CHEMONTID:0000508
CHEMONTID:0000509
CHEMONTID:0000510
CHEMONTID:0000663
CHEMONTID:0000756
CHEMONTID:0000782
CHEMONTID:0000796
CHEMONTID:0000822
CHEMONTID:0001008
CHEMONTID:0001014
CHEMONTID:0004474
CHEMONTID:0002865
CHEMONTID:0002867
CHEMONTID:0002866
CHEMONTID:0002870
CHEMONTID:0002869
CHEMONTID:0001442
CHEMONTID:0001094
CHEMONTID:0001103
CHEMONTID:0001112
CHEMONTID:0001132
CHEMONTID:0003737
CHEMONTID:0001140
CHEMONTID:0003631
CHEMONTID:0001161
CHEMONTID:0001163
CHEMONTID:0001187
CHEMONTID:0001201
CHEMONTID:0001202
CHEMONTID:0001209
CHEMONTID:0002485
CHEMONTID:0001214
CHEMONTID:0001303
CHEMONTID:0001232
CHEMONTID:0001234
CHEMONTID:0001236
CHEMONTID:0001247
CHEMONTID:0003130
CHEMONTID:0001297
CHEMONTID:0001270
CHEMONTID:0001506
CHEMONTID:0001509
CHEMONTID:0001304
CHEMONTID:0001308
CHEMONTID:0001329
CHEMONTID:0001333
CHEMONTID:0001360
CHEMONTID:0002100
CHEMONTID:0001384
CHEMONTID:0001387
CHEMONTID:0001614
CHEMONTID:0001390
CHEMONTID:0001396
CHEMONTID:0001997
CHEMONTID:0001438
CHEMONTID:0001443
CHEMONTID:0001446
CHEMONTID:0001449
CHEMONTID:0001450
CHEMONTID:0001451
CHEMONTID:0001452
CHEMONTID:0001453
CHEMONTID:0001454
CHEMONTID:0001465
CHEMONTID:0001493
CHEMONTID:0001507
CHEMONTID:0001508
CHEMONTID:0001511
CHEMONTID:0001514
CHEMONTID:0001515
CHEMONTID:0001516
CHEMONTID:0001517
CHEMONTID:0001518
CHEMONTID:0003918
CHEMONTID:0001523
CHEMONTID:0001539
CHEMONTID:0004475
CHEMONTID:0001567
CHEMONTID:0001569
CHEMONTID:0001579
CHEMONTID:0003686
CHEMONTID:0001610
CHEMONTID:0001623
CHEMONTID:0001969
CHEMONTID:0003425
CHEMONTID:0001626
CHEMONTID:0003467
CHEMONTID:0001631
CHEMONTID:0002507
CHEMONTID:0001634
CHEMONTID:0001640
CHEMONTID:0001645
CHEMONTID:0001649
CHEMONTID:0001650
CHEMONTID:0001666
CHEMONTID:0001678
CHEMONTID:0001679
CHEMONTID:0001729
CHEMONTID:0001730
CHEMONTID:0001761
CHEMONTID:0001775
CHEMONTID:0001782
CHEMONTID:0001783
CHEMONTID:0001784
CHEMONTID:0001785
CHEMONTID:0001786
CHEMONTID:0001787
CHEMONTID:0001793
CHEMONTID:0001794
CHEMONTID:0002719
CHEMONTID:0001796
CHEMONTID:0001798
CHEMONTID:0001799
CHEMONTID:0001800
CHEMONTID:0001802
CHEMONTID:0001808
CHEMONTID:0001816
CHEMONTID:0001817
CHEMONTID:0001818
CHEMONTID:0001821
CHEMONTID:0001833
CHEMONTID:0001834
CHEMONTID:0001844
CHEMONTID:0001850
CHEMONTID:0001853
CHEMONTID:0001854
CHEMONTID:0004788
CHEMONTID:0001859
CHEMONTID:0001862
CHEMONTID:0001863
CHEMONTID:0001867
CHEMONTID:0001868
CHEMONTID:0001869
CHEMONTID:0001875
CHEMONTID:0001881
CHEMONTID:0001884
CHEMONTID:0001886
CHEMONTID:0001889
CHEMONTID:0001890
CHEMONTID:0001894
CHEMONTID:0001895
CHEMONTID:0001900
CHEMONTID:0001909
CHEMONTID:0001910
CHEMONTID:0001918
CHEMONTID:0001928
CHEMONTID:0001929
CHEMONTID:0001930
CHEMONTID:0001965
CHEMONTID:0001967
CHEMONTID:0001979
CHEMONTID:0001980
CHEMONTID:0001981
CHEMONTID:0001983
CHEMONTID:0001985
CHEMONTID:0001990
CHEMONTID:0002000
CHEMONTID:0002001
CHEMONTID:0002005
CHEMONTID:0002011
CHEMONTID:0002012
CHEMONTID:0002020
CHEMONTID:0002021
CHEMONTID:0002027
CHEMONTID:0002035
CHEMONTID:0002050
CHEMONTID:0002055
CHEMONTID:0002058
CHEMONTID:0002059
CHEMONTID:0002061
CHEMONTID:0002062
CHEMONTID:0002063
CHEMONTID:0002064
CHEMONTID:0002090
CHEMONTID:0002091
CHEMONTID:0002106
CHEMONTID:0002109
CHEMONTID:0002111
CHEMONTID:0002114
CHEMONTID:0002117
CHEMONTID:0002118
CHEMONTID:0002124
CHEMONTID:0002127
CHEMONTID:0002128
CHEMONTID:0002129
CHEMONTID:0002164
CHEMONTID:0002174
CHEMONTID:0002185
CHEMONTID:0002188
CHEMONTID:0002955
CHEMONTID:0002192
CHEMONTID:0002197
CHEMONTID:0002225
CHEMONTID:0002226
CHEMONTID:0002246
CHEMONTID:0002261
CHEMONTID:0002306
CHEMONTID:0002313
CHEMONTID:0002319
CHEMONTID:0002322
CHEMONTID:0002323
CHEMONTID:0002330
CHEMONTID:0002331
CHEMONTID:0002332
CHEMONTID:0002338
CHEMONTID:0002342
CHEMONTID:0002351
CHEMONTID:0002353
CHEMONTID:0002359
CHEMONTID:0002360
CHEMONTID:0002377
CHEMONTID:0002401
CHEMONTID:0002427
CHEMONTID:0003633
CHEMONTID:0002462
CHEMONTID:0002466
CHEMONTID:0002475
CHEMONTID:0002480
CHEMONTID:0002486
CHEMONTID:0002488
CHEMONTID:0002489
CHEMONTID:0002498
CHEMONTID:0002499
CHEMONTID:0002528
CHEMONTID:0002530
CHEMONTID:0002531
CHEMONTID:0002532
CHEMONTID:0002533
CHEMONTID:0002534
CHEMONTID:0002535
CHEMONTID:0002538
CHEMONTID:0002540
CHEMONTID:0002541
CHEMONTID:0002543
CHEMONTID:0002544
CHEMONTID:0002545
CHEMONTID:0002546
CHEMONTID:0002551
CHEMONTID:0002561
CHEMONTID:0002578
CHEMONTID:0002612
CHEMONTID:0002627
CHEMONTID:0002642
CHEMONTID:0002648
CHEMONTID:0002649
CHEMONTID:0002650
CHEMONTID:0002653
CHEMONTID:0002655
CHEMONTID:0002656
CHEMONTID:0002657
CHEMONTID:0002658
CHEMONTID:0002659
CHEMONTID:0002660
CHEMONTID:0002661
CHEMONTID:0002662
CHEMONTID:0002663
CHEMONTID:0002665
CHEMONTID:0002671
CHEMONTID:0002672
CHEMONTID:0002675
CHEMONTID:0002679
CHEMONTID:0002681
CHEMONTID:0002691
CHEMONTID:0002692
CHEMONTID:0002693
CHEMONTID:0002699
CHEMONTID:0002743
CHEMONTID:0002744
CHEMONTID:0002748
CHEMONTID:0002749
CHEMONTID:0002750
CHEMONTID:0002751
CHEMONTID:0002752
CHEMONTID:0002754
CHEMONTID:0002755
CHEMONTID:0002756
CHEMONTID:0002757
CHEMONTID:0002758
CHEMONTID:0002759
CHEMONTID:0002782
CHEMONTID:0002783
CHEMONTID:0002791
CHEMONTID:0002792
CHEMONTID:0002793
CHEMONTID:0002794
CHEMONTID:0002799
CHEMONTID:0002800
CHEMONTID:0002804
CHEMONTID:0002824
CHEMONTID:0002834
CHEMONTID:0002835
CHEMONTID:0002854
CHEMONTID:0002855
CHEMONTID:0002868
CHEMONTID:0002899
CHEMONTID:0002900
CHEMONTID:0002903
CHEMONTID:0002920
CHEMONTID:0002929
CHEMONTID:0002936
CHEMONTID:0002937
CHEMONTID:0002939
CHEMONTID:0002943
CHEMONTID:0002958
CHEMONTID:0003014
CHEMONTID:0003016
CHEMONTID:0003018
CHEMONTID:0003019
CHEMONTID:0003020
CHEMONTID:0003092
CHEMONTID:0003094
CHEMONTID:0003107
CHEMONTID:0003108
CHEMONTID:0003110
CHEMONTID:0003111
CHEMONTID:0003112
CHEMONTID:0003113
CHEMONTID:0003114
CHEMONTID:0003115
CHEMONTID:0003116
CHEMONTID:0003117
CHEMONTID:0003118
CHEMONTID:0003128
CHEMONTID:0003135
CHEMONTID:0003139
CHEMONTID:0003141
CHEMONTID:0003142
CHEMONTID:0003144
CHEMONTID:0003145
CHEMONTID:0003146
CHEMONTID:0003147
CHEMONTID:0003148
CHEMONTID:0003149
CHEMONTID:0003150
CHEMONTID:0003151
CHEMONTID:0003154
CHEMONTID:0003155
CHEMONTID:0003156
CHEMONTID:0003159
CHEMONTID:0003164
CHEMONTID:0003165
CHEMONTID:0003166
CHEMONTID:0003167
CHEMONTID:0003168
CHEMONTID:0003169
CHEMONTID:0003219
CHEMONTID:0003222
CHEMONTID:0003260
CHEMONTID:0003284
CHEMONTID:0003298
CHEMONTID:0003299
CHEMONTID:0003300
CHEMONTID:0003301
CHEMONTID:0003302
CHEMONTID:0003332
CHEMONTID:0003337
CHEMONTID:0003352
CHEMONTID:0003370
CHEMONTID:0003385
CHEMONTID:0003393
CHEMONTID:0003796
CHEMONTID:0003405
CHEMONTID:0003408
CHEMONTID:0004191
CHEMONTID:0003412
CHEMONTID:0003415
CHEMONTID:0003418
CHEMONTID:0003419
CHEMONTID:0003427
CHEMONTID:0003431
CHEMONTID:0003440
CHEMONTID:0003468
CHEMONTID:0003477
CHEMONTID:0003495
CHEMONTID:0003589
CHEMONTID:0003607
CHEMONTID:0003611
CHEMONTID:0003612
CHEMONTID:0003613
CHEMONTID:0003616
CHEMONTID:0003632
CHEMONTID:0003654
CHEMONTID:0003656
CHEMONTID:0003667
CHEMONTID:0003690
CHEMONTID:0003691
CHEMONTID:0003696
CHEMONTID:0003697
CHEMONTID:0003700
CHEMONTID:0003707
CHEMONTID:0003745
CHEMONTID:0003747
CHEMONTID:0003748
CHEMONTID:0003749
CHEMONTID:0003750
CHEMONTID:0003751
CHEMONTID:0003754
CHEMONTID:0003755
CHEMONTID:0003756
CHEMONTID:0003757
CHEMONTID:0003758
CHEMONTID:0003759
CHEMONTID:0003760
CHEMONTID:0003761
CHEMONTID:0003762
CHEMONTID:0003763
CHEMONTID:0003764
CHEMONTID:0003765
CHEMONTID:0003770
CHEMONTID:0003772
CHEMONTID:0003773
CHEMONTID:0003774
CHEMONTID:0003775
CHEMONTID:0003776
CHEMONTID:0003777
CHEMONTID:0003778
CHEMONTID:0003787
CHEMONTID:0003791
CHEMONTID:0003799
CHEMONTID:0003805
CHEMONTID:0003872
CHEMONTID:0003873
CHEMONTID:0003874
CHEMONTID:0003875
CHEMONTID:0003876
CHEMONTID:0003877
CHEMONTID:0003878
CHEMONTID:0003886
CHEMONTID:0003889
CHEMONTID:0003890
CHEMONTID:0003891
CHEMONTID:0003903
CHEMONTID:0003920
CHEMONTID:0003921
CHEMONTID:0003929
CHEMONTID:0003930
CHEMONTID:0003931
CHEMONTID:0003932
CHEMONTID:0003933
CHEMONTID:0003934
CHEMONTID:0003939
CHEMONTID:0004057
CHEMONTID:0003942
CHEMONTID:0003943
CHEMONTID:0003944
CHEMONTID:0003945
CHEMONTID:0003946
CHEMONTID:0003948
CHEMONTID:0003949
CHEMONTID:0003950
CHEMONTID:0003985
CHEMONTID:0003991
CHEMONTID:0003996
CHEMONTID:0004036
CHEMONTID:0004019
CHEMONTID:0004020
CHEMONTID:0004026
CHEMONTID:0004039
CHEMONTID:0004052
CHEMONTID:0004060
CHEMONTID:0004061
CHEMONTID:0004062
CHEMONTID:0004074
CHEMONTID:0004076
CHEMONTID:0004077
CHEMONTID:0004086
CHEMONTID:0004102
CHEMONTID:0004103
CHEMONTID:0004104
CHEMONTID:0004131
CHEMONTID:0004136
CHEMONTID:0004139
CHEMONTID:0004140
CHEMONTID:0004141
CHEMONTID:0004144
CHEMONTID:0004149
CHEMONTID:0004163
CHEMONTID:0004166
CHEMONTID:0004169
CHEMONTID:0004170
CHEMONTID:0004174
CHEMONTID:0004186
CHEMONTID:0004189
CHEMONTID:0004193
CHEMONTID:0004195
CHEMONTID:0004232
CHEMONTID:0004236
CHEMONTID:0004246
CHEMONTID:0004247
CHEMONTID:0004248
CHEMONTID:0004324
CHEMONTID:0004326
CHEMONTID:0004327
CHEMONTID:0004328
CHEMONTID:0004345
CHEMONTID:0004350
CHEMONTID:0004353
CHEMONTID:0004357
CHEMONTID:0004370
CHEMONTID:0004371
CHEMONTID:0004372
CHEMONTID:0004373
CHEMONTID:0004375
CHEMONTID:0004376
CHEMONTID:0004377
CHEMONTID:0004378
CHEMONTID:0004379
CHEMONTID:0004380
CHEMONTID:0004381
CHEMONTID:0004382
CHEMONTID:0004388
CHEMONTID:0004396
CHEMONTID:0004401
CHEMONTID:0004404
CHEMONTID:0004405
CHEMONTID:0004407
CHEMONTID:0004416
CHEMONTID:0004432
CHEMONTID:0004433
CHEMONTID:0004436
CHEMONTID:0004440
CHEMONTID:0004441
CHEMONTID:0004442
CHEMONTID:0004455
CHEMONTID:0004457
CHEMONTID:0004458
CHEMONTID:0004459
CHEMONTID:0004460
CHEMONTID:0004462
CHEMONTID:0004463
CHEMONTID:0004464
CHEMONTID:0004468
CHEMONTID:0004470
CHEMONTID:0004471
CHEMONTID:0004477
CHEMONTID:0004478
CHEMONTID:0004483
CHEMONTID:0004484
CHEMONTID:0004487
CHEMONTID:0004490
CHEMONTID:0004494
CHEMONTID:0004498
CHEMONTID:0004499
CHEMONTID:0004500
CHEMONTID:0004501
CHEMONTID:0004502
CHEMONTID:0004507
CHEMONTID:0004524
CHEMONTID:0004540
CHEMONTID:0004558
CHEMONTID:0004563
CHEMONTID:0004565
CHEMONTID:0004572
CHEMONTID:0004614
CHEMONTID:0004648
CHEMONTID:0004649
CHEMONTID:0004650
CHEMONTID:0004651
CHEMONTID:0004659
CHEMONTID:0004703
CHEMONTID:0004736
CHEMONTID:0004799
CHEMONTID:0004812
CHEMONTID:0004819
CHEMONTID:0004826
CHEMONTID:0001734
CHEMONTID:0001551
CHEMONTID:0001544
CHEMONTID:0002212
CHEMONTID:0000513
CHEMONTID:0001151
CHEMONTID:0000330
CHEMONTID:0001549
CHEMONTID:0000053
CHEMONTID:0000054
CHEMONTID:0000055
CHEMONTID:0000056
CHEMONTID:0000057
CHEMONTID:0001391
CHEMONTID:0000061
CHEMONTID:0000063
CHEMONTID:0000065
CHEMONTID:0000067
CHEMONTID:0000072
CHEMONTID:0000074
CHEMONTID:0000075
CHEMONTID:0000078
CHEMONTID:0000079
CHEMONTID:0000080
CHEMONTID:0000081
CHEMONTID:0000083
CHEMONTID:0000084
CHEMONTID:0000085
CHEMONTID:0000087
CHEMONTID:0000088
CHEMONTID:0000093
CHEMONTID:0000095
CHEMONTID:0000099
CHEMONTID:0001908
CHEMONTID:0001550
CHEMONTID:0000108
CHEMONTID:0000110
CHEMONTID:0000111
CHEMONTID:0000112
CHEMONTID:0000113
CHEMONTID:0000117
CHEMONTID:0001831
CHEMONTID:0000119
CHEMONTID:0000120
CHEMONTID:0000121
CHEMONTID:0000127
CHEMONTID:0000254
CHEMONTID:0000129
CHEMONTID:0000131
CHEMONTID:0000132
CHEMONTID:0001286
CHEMONTID:0000138
CHEMONTID:0000139
CHEMONTID:0000140
CHEMONTID:0000141
CHEMONTID:0000142
CHEMONTID:0000369
CHEMONTID:0003410
CHEMONTID:0000148
CHEMONTID:0000150
CHEMONTID:0000151
CHEMONTID:0000153
CHEMONTID:0000155
CHEMONTID:0000157
CHEMONTID:0000158
CHEMONTID:0000161
CHEMONTID:0000162
CHEMONTID:0000163
CHEMONTID:0000164
CHEMONTID:0000165
CHEMONTID:0000176
CHEMONTID:0000177
CHEMONTID:0001553
CHEMONTID:0000183
CHEMONTID:0000184
CHEMONTID:0000185
CHEMONTID:0000186
CHEMONTID:0000187
CHEMONTID:0000189
CHEMONTID:0000190
CHEMONTID:0000192
CHEMONTID:0000194
CHEMONTID:0003413
CHEMONTID:0004789
CHEMONTID:0000210
CHEMONTID:0000212
CHEMONTID:0000216
CHEMONTID:0000217
CHEMONTID:0000223
CHEMONTID:0000226
CHEMONTID:0000229
CHEMONTID:0000230
CHEMONTID:0000232
CHEMONTID:0000235
CHEMONTID:0000239
CHEMONTID:0000245
CHEMONTID:0000248
CHEMONTID:0000250
CHEMONTID:0000262
CHEMONTID:0002049
CHEMONTID:0000266
CHEMONTID:0000270
CHEMONTID:0000272
CHEMONTID:0001470
CHEMONTID:0000275
CHEMONTID:0000283
CHEMONTID:0000284
CHEMONTID:0000285
CHEMONTID:0000287
CHEMONTID:0000288
CHEMONTID:0002216
CHEMONTID:0000298
CHEMONTID:0000299
CHEMONTID:0000300
CHEMONTID:0000303
CHEMONTID:0000308
CHEMONTID:0000310
CHEMONTID:0000316
CHEMONTID:0000320
CHEMONTID:0000321
CHEMONTID:0000322
CHEMONTID:0000324
CHEMONTID:0000325
CHEMONTID:0000326
CHEMONTID:0000327
CHEMONTID:0000329
CHEMONTID:0000331
CHEMONTID:0002217
CHEMONTID:0000335
CHEMONTID:0000336
CHEMONTID:0000337
CHEMONTID:0000345
CHEMONTID:0000346
CHEMONTID:0000349
CHEMONTID:0000350
CHEMONTID:0000353
CHEMONTID:0000354
CHEMONTID:0000355
CHEMONTID:0002651
CHEMONTID:0000357
CHEMONTID:0000358
CHEMONTID:0000361
CHEMONTID:0004504
CHEMONTID:0000363
CHEMONTID:0000365
CHEMONTID:0002224
CHEMONTID:0000392
CHEMONTID:0000372
CHEMONTID:0000375
CHEMONTID:0000379
CHEMONTID:0001310
CHEMONTID:0000384
CHEMONTID:0002724
CHEMONTID:0000388
CHEMONTID:0000390
CHEMONTID:0000395
CHEMONTID:0000396
CHEMONTID:0000398
CHEMONTID:0000399
CHEMONTID:0000405
CHEMONTID:0000406
CHEMONTID:0000407
CHEMONTID:0000408
CHEMONTID:0000410
CHEMONTID:0000411
CHEMONTID:0000414
CHEMONTID:0000415
CHEMONTID:0000417
CHEMONTID:0000418
CHEMONTID:0001926
CHEMONTID:0000466
CHEMONTID:0000467
CHEMONTID:0002449
CHEMONTID:0000473
CHEMONTID:0001093
CHEMONTID:0001535
CHEMONTID:0000481
CHEMONTID:0000490
CHEMONTID:0002901
CHEMONTID:0000497
CHEMONTID:0000499
CHEMONTID:0000501
CHEMONTID:0000503
CHEMONTID:0000504
CHEMONTID:0000505
CHEMONTID:0000507
CHEMONTID:0000517
CHEMONTID:0000518
CHEMONTID:0000520
CHEMONTID:0000521
CHEMONTID:0000522
CHEMONTID:0000523
CHEMONTID:0000524
CHEMONTID:0000525
CHEMONTID:0000526
CHEMONTID:0000527
CHEMONTID:0000528
CHEMONTID:0000529
CHEMONTID:0000530
CHEMONTID:0000531
CHEMONTID:0000532
CHEMONTID:0000533
CHEMONTID:0000534
CHEMONTID:0000535
CHEMONTID:0000536
CHEMONTID:0000537
CHEMONTID:0000538
CHEMONTID:0000539
CHEMONTID:0000540
CHEMONTID:0000541
CHEMONTID:0000542
CHEMONTID:0000543
CHEMONTID:0000544
CHEMONTID:0000545
CHEMONTID:0000546
CHEMONTID:0000547
CHEMONTID:0000548
CHEMONTID:0000549
CHEMONTID:0000550
CHEMONTID:0000551
CHEMONTID:0000552
CHEMONTID:0000553
CHEMONTID:0000554
CHEMONTID:0000555
CHEMONTID:0000556
CHEMONTID:0000557
CHEMONTID:0000558
CHEMONTID:0000559
CHEMONTID:0000560
CHEMONTID:0000561
CHEMONTID:0000562
CHEMONTID:0000563
CHEMONTID:0000564
CHEMONTID:0000565
CHEMONTID:0000566
CHEMONTID:0000567
CHEMONTID:0000568
CHEMONTID:0000569
CHEMONTID:0000570
CHEMONTID:0000571
CHEMONTID:0000572
CHEMONTID:0000573
CHEMONTID:0000574
CHEMONTID:0000575
CHEMONTID:0000576
CHEMONTID:0000577
CHEMONTID:0000578
CHEMONTID:0000579
CHEMONTID:0000580
CHEMONTID:0000581
CHEMONTID:0000582
CHEMONTID:0000583
CHEMONTID:0000584
CHEMONTID:0000585
CHEMONTID:0000586
CHEMONTID:0000587
CHEMONTID:0000588
CHEMONTID:0000589
CHEMONTID:0000590
CHEMONTID:0000591
CHEMONTID:0000592
CHEMONTID:0000593
CHEMONTID:0000594
CHEMONTID:0000595
CHEMONTID:0000596
CHEMONTID:0000598
CHEMONTID:0000599
CHEMONTID:0000600
CHEMONTID:0000601
CHEMONTID:0000602
CHEMONTID:0000603
CHEMONTID:0000604
CHEMONTID:0000605
CHEMONTID:0000606
CHEMONTID:0000607
CHEMONTID:0000608
CHEMONTID:0000609
CHEMONTID:0000610
CHEMONTID:0000611
CHEMONTID:0000612
CHEMONTID:0000613
CHEMONTID:0000614
CHEMONTID:0000615
CHEMONTID:0000616
CHEMONTID:0000617
CHEMONTID:0000618
CHEMONTID:0000619
CHEMONTID:0000620
CHEMONTID:0000621
CHEMONTID:0000622
CHEMONTID:0000624
CHEMONTID:0000625
CHEMONTID:0000626
CHEMONTID:0000627
CHEMONTID:0000628
CHEMONTID:0000629
CHEMONTID:0000630
CHEMONTID:0000631
CHEMONTID:0000632
CHEMONTID:0000633
CHEMONTID:0000634
CHEMONTID:0000635
CHEMONTID:0000636
CHEMONTID:0000637
CHEMONTID:0000638
CHEMONTID:0000639
CHEMONTID:0000640
CHEMONTID:0000641
CHEMONTID:0000642
CHEMONTID:0000643
CHEMONTID:0000644
CHEMONTID:0000645
CHEMONTID:0000646
CHEMONTID:0000647
CHEMONTID:0000648
CHEMONTID:0000649
CHEMONTID:0000650
CHEMONTID:0000651
CHEMONTID:0000652
CHEMONTID:0000653
CHEMONTID:0000654
CHEMONTID:0000655
CHEMONTID:0000656
CHEMONTID:0000657
CHEMONTID:0000658
CHEMONTID:0000659
CHEMONTID:0000660
CHEMONTID:0000661
CHEMONTID:0000662
CHEMONTID:0000664
CHEMONTID:0000665
CHEMONTID:0000666
CHEMONTID:0000667
CHEMONTID:0000668
CHEMONTID:0000669
CHEMONTID:0000670
CHEMONTID:0000671
CHEMONTID:0000672
CHEMONTID:0000673
CHEMONTID:0000674
CHEMONTID:0000675
CHEMONTID:0000677
CHEMONTID:0000678
CHEMONTID:0000679
CHEMONTID:0000680
CHEMONTID:0000681
CHEMONTID:0000682
CHEMONTID:0000683
CHEMONTID:0000684
CHEMONTID:0000685
CHEMONTID:0000686
CHEMONTID:0000687
CHEMONTID:0000688
CHEMONTID:0000689
CHEMONTID:0000690
CHEMONTID:0000691
CHEMONTID:0000692
CHEMONTID:0000693
CHEMONTID:0000694
CHEMONTID:0000695
CHEMONTID:0000696
CHEMONTID:0000697
CHEMONTID:0000698
CHEMONTID:0000699
CHEMONTID:0000700
CHEMONTID:0000701
CHEMONTID:0001283
CHEMONTID:0000703
CHEMONTID:0000704
CHEMONTID:0000705
CHEMONTID:0000706
CHEMONTID:0000707
CHEMONTID:0000708
CHEMONTID:0000709
CHEMONTID:0000710
CHEMONTID:0000711
CHEMONTID:0000712
CHEMONTID:0000713
CHEMONTID:0000714
CHEMONTID:0000715
CHEMONTID:0000716
CHEMONTID:0000717
CHEMONTID:0000718
CHEMONTID:0000719
CHEMONTID:0000720
CHEMONTID:0000721
CHEMONTID:0000722
CHEMONTID:0000723
CHEMONTID:0000724
CHEMONTID:0000725
CHEMONTID:0000726
CHEMONTID:0000727
CHEMONTID:0000728
CHEMONTID:0000729
CHEMONTID:0000730
CHEMONTID:0000731
CHEMONTID:0000732
CHEMONTID:0000733
CHEMONTID:0000734
CHEMONTID:0000735
CHEMONTID:0000736
CHEMONTID:0000737
CHEMONTID:0000738
CHEMONTID:0000739
CHEMONTID:0000740
CHEMONTID:0000741
CHEMONTID:0000742
CHEMONTID:0000743
CHEMONTID:0000744
CHEMONTID:0000745
CHEMONTID:0000746
CHEMONTID:0000747
CHEMONTID:0000748
CHEMONTID:0000749
CHEMONTID:0000750
CHEMONTID:0000751
CHEMONTID:0000752
CHEMONTID:0000753
CHEMONTID:0000754
CHEMONTID:0000755
CHEMONTID:0000757
CHEMONTID:0000758
CHEMONTID:0000759
CHEMONTID:0000760
CHEMONTID:0000761
CHEMONTID:0000762
CHEMONTID:0000763
CHEMONTID:0000764
CHEMONTID:0000765
CHEMONTID:0000766
CHEMONTID:0000767
CHEMONTID:0000768
CHEMONTID:0000769
CHEMONTID:0000770
CHEMONTID:0000771
CHEMONTID:0000772
CHEMONTID:0000773
CHEMONTID:0000774
CHEMONTID:0000775
CHEMONTID:0000776
CHEMONTID:0000777
CHEMONTID:0000778
CHEMONTID:0000779
CHEMONTID:0000780
CHEMONTID:0000781
CHEMONTID:0000783
CHEMONTID:0000784
CHEMONTID:0000785
CHEMONTID:0000786
CHEMONTID:0000787
CHEMONTID:0000788
CHEMONTID:0000789
CHEMONTID:0000790
CHEMONTID:0000791
CHEMONTID:0000792
CHEMONTID:0000793
CHEMONTID:0000794
CHEMONTID:0000795
CHEMONTID:0000797
CHEMONTID:0000798
CHEMONTID:0000799
CHEMONTID:0000800
CHEMONTID:0000801
CHEMONTID:0000802
CHEMONTID:0000803
CHEMONTID:0000804
CHEMONTID:0000805
CHEMONTID:0000806
CHEMONTID:0000807
CHEMONTID:0000808
CHEMONTID:0000809
CHEMONTID:0000810
CHEMONTID:0000811
CHEMONTID:0000812
CHEMONTID:0000813
CHEMONTID:0000814
CHEMONTID:0000815
CHEMONTID:0000816
CHEMONTID:0000817
CHEMONTID:0000818
CHEMONTID:0000819
CHEMONTID:0000820
CHEMONTID:0000821
CHEMONTID:0000823
CHEMONTID:0000824
CHEMONTID:0000825
CHEMONTID:0000826
CHEMONTID:0000827
CHEMONTID:0000828
CHEMONTID:0000829
CHEMONTID:0000830
CHEMONTID:0000831
CHEMONTID:0000832
CHEMONTID:0000833
CHEMONTID:0000834
CHEMONTID:0000835
CHEMONTID:0000836
CHEMONTID:0000837
CHEMONTID:0000838
CHEMONTID:0000839
CHEMONTID:0000840
CHEMONTID:0000841
CHEMONTID:0000842
CHEMONTID:0000843
CHEMONTID:0000844
CHEMONTID:0000845
CHEMONTID:0000846
CHEMONTID:0000847
CHEMONTID:0000848
CHEMONTID:0000849
CHEMONTID:0000850
CHEMONTID:0000851
CHEMONTID:0000852
CHEMONTID:0000853
CHEMONTID:0000854
CHEMONTID:0000855
CHEMONTID:0000856
CHEMONTID:0000857
CHEMONTID:0000858
CHEMONTID:0000859
CHEMONTID:0000860
CHEMONTID:0000861
CHEMONTID:0000862
CHEMONTID:0000863
CHEMONTID:0000864
CHEMONTID:0000865
CHEMONTID:0000866
CHEMONTID:0000867
CHEMONTID:0000868
CHEMONTID:0000869
CHEMONTID:0000870
CHEMONTID:0000871
CHEMONTID:0000872
CHEMONTID:0000873
CHEMONTID:0000874
CHEMONTID:0000875
CHEMONTID:0000876
CHEMONTID:0000877
CHEMONTID:0000878
CHEMONTID:0000879
CHEMONTID:0000880
CHEMONTID:0000881
CHEMONTID:0000882
CHEMONTID:0000883
CHEMONTID:0000884
CHEMONTID:0000885
CHEMONTID:0000886
CHEMONTID:0000887
CHEMONTID:0000888
CHEMONTID:0000889
CHEMONTID:0000890
CHEMONTID:0000891
CHEMONTID:0000892
CHEMONTID:0000893
CHEMONTID:0000894
CHEMONTID:0000895
CHEMONTID:0000896
CHEMONTID:0000897
CHEMONTID:0000898
CHEMONTID:0000899
CHEMONTID:0000900
CHEMONTID:0000901
CHEMONTID:0000902
CHEMONTID:0000903
CHEMONTID:0000904
CHEMONTID:0000905
CHEMONTID:0000906
CHEMONTID:0000907
CHEMONTID:0000908
CHEMONTID:0000909
CHEMONTID:0000910
CHEMONTID:0000911
CHEMONTID:0000912
CHEMONTID:0000913
CHEMONTID:0000914
CHEMONTID:0000915
CHEMONTID:0000916
CHEMONTID:0000917
CHEMONTID:0000918
CHEMONTID:0000919
CHEMONTID:0000920
CHEMONTID:0000921
CHEMONTID:0000922
CHEMONTID:0000923
CHEMONTID:0000924
CHEMONTID:0000925
CHEMONTID:0000926
CHEMONTID:0000927
CHEMONTID:0000928
CHEMONTID:0000929
CHEMONTID:0000930
CHEMONTID:0000931
CHEMONTID:0000932
CHEMONTID:0000933
CHEMONTID:0000934
CHEMONTID:0000935
CHEMONTID:0000936
CHEMONTID:0000937
CHEMONTID:0000938
CHEMONTID:0000939
CHEMONTID:0000940
CHEMONTID:0000941
CHEMONTID:0000942
CHEMONTID:0000943
CHEMONTID:0000944
CHEMONTID:0000945
CHEMONTID:0000946
CHEMONTID:0000947
CHEMONTID:0000948
CHEMONTID:0000949
CHEMONTID:0000950
CHEMONTID:0000951
CHEMONTID:0000952
CHEMONTID:0000953
CHEMONTID:0000954
CHEMONTID:0000955
CHEMONTID:0000956
CHEMONTID:0000957
CHEMONTID:0000958
CHEMONTID:0000959
CHEMONTID:0000960
CHEMONTID:0000961
CHEMONTID:0000962
CHEMONTID:0000963
CHEMONTID:0000964
CHEMONTID:0000965
CHEMONTID:0000966
CHEMONTID:0000967
CHEMONTID:0000968
CHEMONTID:0000969
CHEMONTID:0000970
CHEMONTID:0000971
CHEMONTID:0000972
CHEMONTID:0000973
CHEMONTID:0000974
CHEMONTID:0000975
CHEMONTID:0000976
CHEMONTID:0000977
CHEMONTID:0000978
CHEMONTID:0000979
CHEMONTID:0000980
CHEMONTID:0000981
CHEMONTID:0000982
CHEMONTID:0000983
CHEMONTID:0000984
CHEMONTID:0000985
CHEMONTID:0000986
CHEMONTID:0000987
CHEMONTID:0000988
CHEMONTID:0000989
CHEMONTID:0000990
CHEMONTID:0000991
CHEMONTID:0000992
CHEMONTID:0000993
CHEMONTID:0000994
CHEMONTID:0000995
CHEMONTID:0000996
CHEMONTID:0000997
CHEMONTID:0000998
CHEMONTID:0000999
CHEMONTID:0001000
CHEMONTID:0001001
CHEMONTID:0001002
CHEMONTID:0001003
CHEMONTID:0001004
CHEMONTID:0001005
CHEMONTID:0001006
CHEMONTID:0001013
CHEMONTID:0001016
CHEMONTID:0001017
CHEMONTID:0001022
CHEMONTID:0001023
CHEMONTID:0001024
CHEMONTID:0001025
CHEMONTID:0001026
CHEMONTID:0001027
CHEMONTID:0001028
CHEMONTID:0001029
CHEMONTID:0001030
CHEMONTID:0001031
CHEMONTID:0001032
CHEMONTID:0001033
CHEMONTID:0001034
CHEMONTID:0001035
CHEMONTID:0001036
CHEMONTID:0001037
CHEMONTID:0001038
CHEMONTID:0001039
CHEMONTID:0001040
CHEMONTID:0001041
CHEMONTID:0001042
CHEMONTID:0001043
CHEMONTID:0001044
CHEMONTID:0001048
CHEMONTID:0001049
CHEMONTID:0001050
CHEMONTID:0001051
CHEMONTID:0001052
CHEMONTID:0001053
CHEMONTID:0001055
CHEMONTID:0001056
CHEMONTID:0001057
CHEMONTID:0001058
CHEMONTID:0001059
CHEMONTID:0001060
CHEMONTID:0001061
CHEMONTID:0001062
CHEMONTID:0001063
CHEMONTID:0001064
CHEMONTID:0001065
CHEMONTID:0001066
CHEMONTID:0001067
CHEMONTID:0001068
CHEMONTID:0001069
CHEMONTID:0001070
CHEMONTID:0001071
CHEMONTID:0001072
CHEMONTID:0001073
CHEMONTID:0001074
CHEMONTID:0001075
CHEMONTID:0001076
CHEMONTID:0001077
CHEMONTID:0001078
CHEMONTID:0001079
CHEMONTID:0001080
CHEMONTID:0001081
CHEMONTID:0001082
CHEMONTID:0001083
CHEMONTID:0001084
CHEMONTID:0001085
CHEMONTID:0001086
CHEMONTID:0001087
CHEMONTID:0003327
CHEMONTID:0001091
CHEMONTID:0001097
CHEMONTID:0001578
CHEMONTID:0001111
CHEMONTID:0001113
CHEMONTID:0001114
CHEMONTID:0001115
CHEMONTID:0001116
CHEMONTID:0001123
CHEMONTID:0001445
CHEMONTID:0001125
CHEMONTID:0003491
CHEMONTID:0003809
CHEMONTID:0003392
CHEMONTID:0003808
CHEMONTID:0001134
CHEMONTID:0003815
CHEMONTID:0001615
CHEMONTID:0001137
CHEMONTID:0002220
CHEMONTID:0001142
CHEMONTID:0001146
CHEMONTID:0001152
CHEMONTID:0001153
CHEMONTID:0001154
CHEMONTID:0001155
CHEMONTID:0001156
CHEMONTID:0001158
CHEMONTID:0001168
CHEMONTID:0001169
CHEMONTID:0001172
CHEMONTID:0001173
CHEMONTID:0001174
CHEMONTID:0001175
CHEMONTID:0001176
CHEMONTID:0001177
CHEMONTID:0001180
CHEMONTID:0001181
CHEMONTID:0001182
CHEMONTID:0001183
CHEMONTID:0003455
CHEMONTID:0001186
CHEMONTID:0001188
CHEMONTID:0001368
CHEMONTID:0001672
CHEMONTID:0001194
CHEMONTID:0001199
CHEMONTID:0001200
CHEMONTID:0001204
CHEMONTID:0001205
CHEMONTID:0001206
CHEMONTID:0001212
CHEMONTID:0001213
CHEMONTID:0001219
CHEMONTID:0001220
CHEMONTID:0001222
CHEMONTID:0001230
CHEMONTID:0002484
CHEMONTID:0003389
CHEMONTID:0001235
CHEMONTID:0001237
CHEMONTID:0001241
CHEMONTID:0001243
CHEMONTID:0001244
CHEMONTID:0001245
CHEMONTID:0001246
CHEMONTID:0001290
CHEMONTID:0002214
CHEMONTID:0001263
CHEMONTID:0001257
CHEMONTID:0001259
CHEMONTID:0001260
CHEMONTID:0001261
CHEMONTID:0001265
CHEMONTID:0001268
CHEMONTID:0001269
CHEMONTID:0001272
CHEMONTID:0001276
CHEMONTID:0001554
CHEMONTID:0001278
CHEMONTID:0001279
CHEMONTID:0002213
CHEMONTID:0001293
CHEMONTID:0001295
CHEMONTID:0001296
CHEMONTID:0001300
CHEMONTID:0001302
CHEMONTID:0001306
CHEMONTID:0001307
CHEMONTID:0001309
CHEMONTID:0001311
CHEMONTID:0001312
CHEMONTID:0001313
CHEMONTID:0001314
CHEMONTID:0001315
CHEMONTID:0001316
CHEMONTID:0001317
CHEMONTID:0001322
CHEMONTID:0001323
CHEMONTID:0001325
CHEMONTID:0001331
CHEMONTID:0001332
CHEMONTID:0001334
CHEMONTID:0001335
CHEMONTID:0001336
CHEMONTID:0001337
CHEMONTID:0001338
CHEMONTID:0001339
CHEMONTID:0001340
CHEMONTID:0001341
CHEMONTID:0001342
CHEMONTID:0001343
CHEMONTID:0002219
CHEMONTID:0001347
CHEMONTID:0001348
CHEMONTID:0001349
CHEMONTID:0001352
CHEMONTID:0001353
CHEMONTID:0001354
CHEMONTID:0001359
CHEMONTID:0001364
CHEMONTID:0001365
CHEMONTID:0002218
CHEMONTID:0001369
CHEMONTID:0001379
CHEMONTID:0001382
CHEMONTID:0001383
CHEMONTID:0001385
CHEMONTID:0001386
CHEMONTID:0003258
CHEMONTID:0001389
CHEMONTID:0002215
CHEMONTID:0001398
CHEMONTID:0003567
CHEMONTID:0001412
CHEMONTID:0001415
CHEMONTID:0001416
CHEMONTID:0001420
CHEMONTID:0001418
CHEMONTID:0001424
CHEMONTID:0003807
CHEMONTID:0001434
CHEMONTID:0001437
CHEMONTID:0001444
CHEMONTID:0004758
CHEMONTID:0001459
CHEMONTID:0001460
CHEMONTID:0001766
CHEMONTID:0001464
CHEMONTID:0001466
CHEMONTID:0003568
CHEMONTID:0003569
CHEMONTID:0003566
CHEMONTID:0001691
CHEMONTID:0001491
CHEMONTID:0001492
CHEMONTID:0001512
CHEMONTID:0001513
CHEMONTID:0001519
CHEMONTID:0001520
CHEMONTID:0001521
CHEMONTID:0001522
CHEMONTID:0001524
CHEMONTID:0001526
CHEMONTID:0001527
CHEMONTID:0001529
CHEMONTID:0001530
CHEMONTID:0001534
CHEMONTID:0001536
CHEMONTID:0001548
CHEMONTID:0001552
CHEMONTID:0001566
CHEMONTID:0001570
CHEMONTID:0001571
CHEMONTID:0001572
CHEMONTID:0001573
CHEMONTID:0001574
CHEMONTID:0001606
CHEMONTID:0001577
CHEMONTID:0001581
CHEMONTID:0001586
CHEMONTID:0001589
CHEMONTID:0001590
CHEMONTID:0001591
CHEMONTID:0001592
CHEMONTID:0001593
CHEMONTID:0001602
CHEMONTID:0001604
CHEMONTID:0001607
CHEMONTID:0002617
CHEMONTID:0001611
CHEMONTID:0001612
CHEMONTID:0001616
CHEMONTID:0002147
CHEMONTID:0001624
CHEMONTID:0001625
CHEMONTID:0001630
CHEMONTID:0001633
CHEMONTID:0001636
CHEMONTID:0001641
CHEMONTID:0001642
CHEMONTID:0001652
CHEMONTID:0001655
CHEMONTID:0001665
CHEMONTID:0001667
CHEMONTID:0001668
CHEMONTID:0001671
CHEMONTID:0001674
CHEMONTID:0001686
CHEMONTID:0001690
CHEMONTID:0001692
CHEMONTID:0001693
CHEMONTID:0001700
CHEMONTID:0001701
CHEMONTID:0001702
CHEMONTID:0001710
CHEMONTID:0001711
CHEMONTID:0001712
CHEMONTID:0001713
CHEMONTID:0001715
CHEMONTID:0001717
CHEMONTID:0001721
CHEMONTID:0001722
CHEMONTID:0001733
CHEMONTID:0001740
CHEMONTID:0001742
CHEMONTID:0001743
CHEMONTID:0001749
CHEMONTID:0001750
CHEMONTID:0001751
CHEMONTID:0001753
CHEMONTID:0001758
CHEMONTID:0001764
CHEMONTID:0001778
CHEMONTID:0001780
CHEMONTID:0001788
CHEMONTID:0001792
CHEMONTID:0001795
CHEMONTID:0001803
CHEMONTID:0001804
CHEMONTID:0001805
CHEMONTID:0001806
CHEMONTID:0001814
CHEMONTID:0002496
CHEMONTID:0001822
CHEMONTID:0001823
CHEMONTID:0001825
CHEMONTID:0002042
CHEMONTID:0001830
CHEMONTID:0001832
CHEMONTID:0001835
CHEMONTID:0001837
CHEMONTID:0001838
CHEMONTID:0001839
CHEMONTID:0001840
CHEMONTID:0001841
CHEMONTID:0001842
CHEMONTID:0004155
CHEMONTID:0001855
CHEMONTID:0001857
CHEMONTID:0001860
CHEMONTID:0001861
CHEMONTID:0001864
CHEMONTID:0001870
CHEMONTID:0001871
CHEMONTID:0001872
CHEMONTID:0003409
CHEMONTID:0001874
CHEMONTID:0001876
CHEMONTID:0001877
CHEMONTID:0001882
CHEMONTID:0001885
CHEMONTID:0001887
CHEMONTID:0001888
CHEMONTID:0001891
CHEMONTID:0001898
CHEMONTID:0001899
CHEMONTID:0001903
CHEMONTID:0001905
CHEMONTID:0001906
CHEMONTID:0001907
CHEMONTID:0001911
CHEMONTID:0001912
CHEMONTID:0001919
CHEMONTID:0001920
CHEMONTID:0001922
CHEMONTID:0001931
CHEMONTID:0001932
CHEMONTID:0001933
CHEMONTID:0001935
CHEMONTID:0001936
CHEMONTID:0001948
CHEMONTID:0001966
CHEMONTID:0001970
CHEMONTID:0001971
CHEMONTID:0001973
CHEMONTID:0001974
CHEMONTID:0001975
CHEMONTID:0001982
CHEMONTID:0001986
CHEMONTID:0001987
CHEMONTID:0001988
CHEMONTID:0001991
CHEMONTID:0002006
CHEMONTID:0002013
CHEMONTID:0002015
CHEMONTID:0002016
CHEMONTID:0002017
CHEMONTID:0002026
CHEMONTID:0002257
CHEMONTID:0002680
CHEMONTID:0002031
CHEMONTID:0002468
CHEMONTID:0003701
CHEMONTID:0002036
CHEMONTID:0002037
CHEMONTID:0002039
CHEMONTID:0002043
CHEMONTID:0002044
CHEMONTID:0003194
CHEMONTID:0002054
CHEMONTID:0002060
CHEMONTID:0002065
CHEMONTID:0002066
CHEMONTID:0002067
CHEMONTID:0002068
CHEMONTID:0002069
CHEMONTID:0002070
CHEMONTID:0002071
CHEMONTID:0002072
CHEMONTID:0002073
CHEMONTID:0004456
CHEMONTID:0002076
CHEMONTID:0002077
CHEMONTID:0002078
CHEMONTID:0002079
CHEMONTID:0002080
CHEMONTID:0002081
CHEMONTID:0002082
CHEMONTID:0002083
CHEMONTID:0002096
CHEMONTID:0002097
CHEMONTID:0002098
CHEMONTID:0002099
CHEMONTID:0002102
CHEMONTID:0002103
CHEMONTID:0002112
CHEMONTID:0002113
CHEMONTID:0002131
CHEMONTID:0002132
CHEMONTID:0002134
CHEMONTID:0002148
CHEMONTID:0002177
CHEMONTID:0002178
CHEMONTID:0002179
CHEMONTID:0002180
CHEMONTID:0002181
CHEMONTID:0002182
CHEMONTID:0002189
CHEMONTID:0002195
CHEMONTID:0002348
CHEMONTID:0002200
CHEMONTID:0002211
CHEMONTID:0002221
CHEMONTID:0002227
CHEMONTID:0002234
CHEMONTID:0002236
CHEMONTID:0002238
CHEMONTID:0002241
CHEMONTID:0002243
CHEMONTID:0002247
CHEMONTID:0002553
CHEMONTID:0002266
CHEMONTID:0002267
CHEMONTID:0002268
CHEMONTID:0002269
CHEMONTID:0002270
CHEMONTID:0002271
CHEMONTID:0002272
CHEMONTID:0002275
CHEMONTID:0002277
CHEMONTID:0002284
CHEMONTID:0002287
CHEMONTID:0002288
CHEMONTID:0002290
CHEMONTID:0002291
CHEMONTID:0002292
CHEMONTID:0002293
CHEMONTID:0002294
CHEMONTID:0002295
CHEMONTID:0002296
CHEMONTID:0002297
CHEMONTID:0002298
CHEMONTID:0002299
CHEMONTID:0002300
CHEMONTID:0002301
CHEMONTID:0002302
CHEMONTID:0002303
CHEMONTID:0002304
CHEMONTID:0002305
CHEMONTID:0002317
CHEMONTID:0002320
CHEMONTID:0002321
CHEMONTID:0002333
CHEMONTID:0002335
CHEMONTID:0002336
CHEMONTID:0002340
CHEMONTID:0002352
CHEMONTID:0002355
CHEMONTID:0002357
CHEMONTID:0002361
CHEMONTID:0002363
CHEMONTID:0002366
CHEMONTID:0002367
CHEMONTID:0002368
CHEMONTID:0002369
CHEMONTID:0002370
CHEMONTID:0002371
CHEMONTID:0002372
CHEMONTID:0002373
CHEMONTID:0002374
CHEMONTID:0002381
CHEMONTID:0002382
CHEMONTID:0002383
CHEMONTID:0002391
CHEMONTID:0002396
CHEMONTID:0002397
CHEMONTID:0002398
CHEMONTID:0002399
CHEMONTID:0002469
CHEMONTID:0002428
CHEMONTID:0002441
CHEMONTID:0002442
CHEMONTID:0002445
CHEMONTID:0002461
CHEMONTID:0002465
CHEMONTID:0002474
CHEMONTID:0002481
CHEMONTID:0002487
CHEMONTID:0002497
CHEMONTID:0002500
CHEMONTID:0002504
CHEMONTID:0002508
CHEMONTID:0002520
CHEMONTID:0002523
CHEMONTID:0002524
CHEMONTID:0002536
CHEMONTID:0002537
CHEMONTID:0002542
CHEMONTID:0002552
CHEMONTID:0002554
CHEMONTID:0002567
CHEMONTID:0002570
CHEMONTID:0002571
CHEMONTID:0002572
CHEMONTID:0002573
CHEMONTID:0002576
CHEMONTID:0002579
CHEMONTID:0002581
CHEMONTID:0002582
CHEMONTID:0002583
CHEMONTID:0002584
CHEMONTID:0002585
CHEMONTID:0002586
CHEMONTID:0002607
CHEMONTID:0002608
CHEMONTID:0002609
CHEMONTID:0002610
CHEMONTID:0002614
CHEMONTID:0003087
CHEMONTID:0002623
CHEMONTID:0004258
CHEMONTID:0002908
CHEMONTID:0002645
CHEMONTID:0002652
CHEMONTID:0002654
CHEMONTID:0002664
CHEMONTID:0002666
CHEMONTID:0002667
CHEMONTID:0002668
CHEMONTID:0002669
CHEMONTID:0002670
CHEMONTID:0002673
CHEMONTID:0002674
CHEMONTID:0002676
CHEMONTID:0002677
CHEMONTID:0002700
CHEMONTID:0002701
CHEMONTID:0002702
CHEMONTID:0002703
CHEMONTID:0002704
CHEMONTID:0002717
CHEMONTID:0002718
CHEMONTID:0002720
CHEMONTID:0002721
CHEMONTID:0002722
CHEMONTID:0002723
CHEMONTID:0002740
CHEMONTID:0002747
CHEMONTID:0002780
CHEMONTID:0002781
CHEMONTID:0002790
CHEMONTID:0002795
CHEMONTID:0002796
CHEMONTID:0002797
CHEMONTID:0002798
CHEMONTID:0002807
CHEMONTID:0002805
CHEMONTID:0002806
CHEMONTID:0002808
CHEMONTID:0002810
CHEMONTID:0002811
CHEMONTID:0002818
CHEMONTID:0002819
CHEMONTID:0002822
CHEMONTID:0002823
CHEMONTID:0002838
CHEMONTID:0002843
CHEMONTID:0002852
CHEMONTID:0002853
CHEMONTID:0002858
CHEMONTID:0002860
CHEMONTID:0002861
CHEMONTID:0002862
CHEMONTID:0002863
CHEMONTID:0002864
CHEMONTID:0002891
CHEMONTID:0002892
CHEMONTID:0002896
CHEMONTID:0002897
CHEMONTID:0002902
CHEMONTID:0002904
CHEMONTID:0003624
CHEMONTID:0002910
CHEMONTID:0002991
CHEMONTID:0002919
CHEMONTID:0002921
CHEMONTID:0002922
CHEMONTID:0002923
CHEMONTID:0002926
CHEMONTID:0002927
CHEMONTID:0002928
CHEMONTID:0002932
CHEMONTID:0002933
CHEMONTID:0002935
CHEMONTID:0002940
CHEMONTID:0002941
CHEMONTID:0002942
CHEMONTID:0002944
CHEMONTID:0002945
CHEMONTID:0002946
CHEMONTID:0002953
CHEMONTID:0002956
CHEMONTID:0002957
CHEMONTID:0002966
CHEMONTID:0002967
CHEMONTID:0002976
CHEMONTID:0002977
CHEMONTID:0002978
CHEMONTID:0002979
CHEMONTID:0002980
CHEMONTID:0002984
CHEMONTID:0002995
CHEMONTID:0003005
CHEMONTID:0003007
CHEMONTID:0003015
CHEMONTID:0003021
CHEMONTID:0003022
CHEMONTID:0003023
CHEMONTID:0004776
CHEMONTID:0003061
CHEMONTID:0003065
CHEMONTID:0003076
CHEMONTID:0003077
CHEMONTID:0003093
CHEMONTID:0003109
CHEMONTID:0003125
CHEMONTID:0003126
CHEMONTID:0003127
CHEMONTID:0003129
CHEMONTID:0003132
CHEMONTID:0003137
CHEMONTID:0003138
CHEMONTID:0003143
CHEMONTID:0003152
CHEMONTID:0003153
CHEMONTID:0003157
CHEMONTID:0003158
CHEMONTID:0003190
CHEMONTID:0003191
CHEMONTID:0003193
CHEMONTID:0003199
CHEMONTID:0003209
CHEMONTID:0003215
CHEMONTID:0003216
CHEMONTID:0003218
CHEMONTID:0003220
CHEMONTID:0003221
CHEMONTID:0003250
CHEMONTID:0003261
CHEMONTID:0003262
CHEMONTID:0003264
CHEMONTID:0003272
CHEMONTID:0003274
CHEMONTID:0003275
CHEMONTID:0003279
CHEMONTID:0003282
CHEMONTID:0003285
CHEMONTID:0003290
CHEMONTID:0003291
CHEMONTID:0003292
CHEMONTID:0003293
CHEMONTID:0003294
CHEMONTID:0003309
CHEMONTID:0003597
CHEMONTID:0003317
CHEMONTID:0003853
CHEMONTID:0003326
CHEMONTID:0003353
CHEMONTID:0003354
CHEMONTID:0003361
CHEMONTID:0003364
CHEMONTID:0003371
CHEMONTID:0003372
CHEMONTID:0003373
CHEMONTID:0003378
CHEMONTID:0003387
CHEMONTID:0003391
CHEMONTID:0003394
CHEMONTID:0003395
CHEMONTID:0003404
CHEMONTID:0003406
CHEMONTID:0003407
CHEMONTID:0003411
CHEMONTID:0003414
CHEMONTID:0003426
CHEMONTID:0003916
CHEMONTID:0003914
CHEMONTID:0003436
CHEMONTID:0003443
CHEMONTID:0003449
CHEMONTID:0003456
CHEMONTID:0003461
CHEMONTID:0003463
CHEMONTID:0003464
CHEMONTID:0003465
CHEMONTID:0003466
CHEMONTID:0003470
CHEMONTID:0003471
CHEMONTID:0003480
CHEMONTID:0003481
CHEMONTID:0003482
CHEMONTID:0003484
CHEMONTID:0003496
CHEMONTID:0003511
CHEMONTID:0003515
CHEMONTID:0003516
CHEMONTID:0003520
CHEMONTID:0003530
CHEMONTID:0003536
CHEMONTID:0003590
CHEMONTID:0003591
CHEMONTID:0003592
CHEMONTID:0003594
CHEMONTID:0003615
CHEMONTID:0003620
CHEMONTID:0003621
CHEMONTID:0003625
CHEMONTID:0003634
CHEMONTID:0003635
CHEMONTID:0003636
CHEMONTID:0003637
CHEMONTID:0003649
CHEMONTID:0003650
CHEMONTID:0003652
CHEMONTID:0003653
CHEMONTID:0003668
CHEMONTID:0003669
CHEMONTID:0003676
CHEMONTID:0003683
CHEMONTID:0003687
CHEMONTID:0003688
CHEMONTID:0003689
CHEMONTID:0003692
CHEMONTID:0003693
CHEMONTID:0003694
CHEMONTID:0003695
CHEMONTID:0003699
CHEMONTID:0003703
CHEMONTID:0003704
CHEMONTID:0003705
CHEMONTID:0003706
CHEMONTID:0003708
CHEMONTID:0003709
CHEMONTID:0003710
CHEMONTID:0003711
CHEMONTID:0003712
CHEMONTID:0003713
CHEMONTID:0003714
CHEMONTID:0003715
CHEMONTID:0003716
CHEMONTID:0003741
CHEMONTID:0003723
CHEMONTID:0003724
CHEMONTID:0003725
CHEMONTID:0003726
CHEMONTID:0003744
CHEMONTID:0003733
CHEMONTID:0003734
CHEMONTID:0003735
CHEMONTID:0003736
CHEMONTID:0003738
CHEMONTID:0003746
CHEMONTID:0003766
CHEMONTID:0003767
CHEMONTID:0003768
CHEMONTID:0003769
CHEMONTID:0003771
CHEMONTID:0003785
CHEMONTID:0003786
CHEMONTID:0003792
CHEMONTID:0003797
CHEMONTID:0003798
CHEMONTID:0003800
CHEMONTID:0003801
CHEMONTID:0003802
CHEMONTID:0003803
CHEMONTID:0003804
CHEMONTID:0003835
CHEMONTID:0003862
CHEMONTID:0004631
CHEMONTID:0003883
CHEMONTID:0003885
CHEMONTID:0003887
CHEMONTID:0003888
CHEMONTID:0003892
CHEMONTID:0003893
CHEMONTID:0003894
CHEMONTID:0003904
CHEMONTID:0003905
CHEMONTID:0003906
CHEMONTID:0003907
CHEMONTID:0003910
CHEMONTID:0003912
CHEMONTID:0003913
CHEMONTID:0003915
CHEMONTID:0003917
CHEMONTID:0004099
CHEMONTID:0003935
CHEMONTID:0003936
CHEMONTID:0003937
CHEMONTID:0003938
CHEMONTID:0003941
CHEMONTID:0003953
CHEMONTID:0003970
CHEMONTID:0003972
CHEMONTID:0003973
CHEMONTID:0003976
CHEMONTID:0003981
CHEMONTID:0003992
CHEMONTID:0003993
CHEMONTID:0003994
CHEMONTID:0003997
CHEMONTID:0003998
CHEMONTID:0004007
CHEMONTID:0004403
CHEMONTID:0004017
CHEMONTID:0004024
CHEMONTID:0004025
CHEMONTID:0004037
CHEMONTID:0004040
CHEMONTID:0004053
CHEMONTID:0004054
CHEMONTID:0004073
CHEMONTID:0004079
CHEMONTID:0004083
CHEMONTID:0004089
CHEMONTID:0004095
CHEMONTID:0004097
CHEMONTID:0004105
CHEMONTID:0004106
CHEMONTID:0004107
CHEMONTID:0004113
CHEMONTID:0004112
CHEMONTID:0004132
CHEMONTID:0004116
CHEMONTID:0004118
CHEMONTID:0004120
CHEMONTID:0004121
CHEMONTID:0004122
CHEMONTID:0004123
CHEMONTID:0004124
CHEMONTID:0004125
CHEMONTID:0004126
CHEMONTID:0004127
CHEMONTID:0004128
CHEMONTID:0004129
CHEMONTID:0004130
CHEMONTID:0004134
CHEMONTID:0004137
CHEMONTID:0004151
CHEMONTID:0004152
CHEMONTID:0004154
CHEMONTID:0004157
CHEMONTID:0004162
CHEMONTID:0004164
CHEMONTID:0004168
CHEMONTID:0004182
CHEMONTID:0004187
CHEMONTID:0004188
CHEMONTID:0004190
CHEMONTID:0004192
CHEMONTID:0004194
CHEMONTID:0004197
CHEMONTID:0004198
CHEMONTID:0004201
CHEMONTID:0004203
CHEMONTID:0004208
CHEMONTID:0004217
CHEMONTID:0004229
CHEMONTID:0004233
CHEMONTID:0004269
CHEMONTID:0004270
CHEMONTID:0004293
CHEMONTID:0004294
CHEMONTID:0004306
CHEMONTID:0004331
CHEMONTID:0004332
CHEMONTID:0004336
CHEMONTID:0004346
CHEMONTID:0004349
CHEMONTID:0004351
CHEMONTID:0004356
CHEMONTID:0004358
CHEMONTID:0004359
CHEMONTID:0004360
CHEMONTID:0004362
CHEMONTID:0004363
CHEMONTID:0004364
CHEMONTID:0004366
CHEMONTID:0004367
CHEMONTID:0004368
CHEMONTID:0004383
CHEMONTID:0004385
CHEMONTID:0004387
CHEMONTID:0004390
CHEMONTID:0004402
CHEMONTID:0004408
CHEMONTID:0004409
CHEMONTID:0004415
CHEMONTID:0004417
CHEMONTID:0004418
CHEMONTID:0004419
CHEMONTID:0004422
CHEMONTID:0004429
CHEMONTID:0004430
CHEMONTID:0004435
CHEMONTID:0004437
CHEMONTID:0004438
CHEMONTID:0004439
CHEMONTID:0004443
CHEMONTID:0004447
CHEMONTID:0004450
CHEMONTID:0004461
CHEMONTID:0004467
CHEMONTID:0004476
CHEMONTID:0004485
CHEMONTID:0004489
CHEMONTID:0004491
CHEMONTID:0004492
CHEMONTID:0004493
CHEMONTID:0004496
CHEMONTID:0004497
CHEMONTID:0004503
CHEMONTID:0004510
CHEMONTID:0004515
CHEMONTID:0004516
CHEMONTID:0004538
CHEMONTID:0004539
CHEMONTID:0004545
CHEMONTID:0004548
CHEMONTID:0004549
CHEMONTID:0004551
CHEMONTID:0004553
CHEMONTID:0004566
CHEMONTID:0004567
CHEMONTID:0004582
CHEMONTID:0004585
CHEMONTID:0004586
CHEMONTID:0004588
CHEMONTID:0004589
CHEMONTID:0004590
CHEMONTID:0004592
CHEMONTID:0004599
CHEMONTID:0004601
CHEMONTID:0004604
CHEMONTID:0004606
CHEMONTID:0004611
CHEMONTID:0004615
CHEMONTID:0004622
CHEMONTID:0004628
CHEMONTID:0004629
CHEMONTID:0004632
CHEMONTID:0004640
CHEMONTID:0004643
CHEMONTID:0004646
CHEMONTID:0004647
CHEMONTID:0004652
CHEMONTID:0004653
CHEMONTID:0004660
CHEMONTID:0004663
CHEMONTID:0004664
CHEMONTID:0004665
CHEMONTID:0004670
CHEMONTID:0004672
CHEMONTID:0004676
CHEMONTID:0004677
CHEMONTID:0004681
CHEMONTID:0004693
CHEMONTID:0004695
CHEMONTID:0004708
CHEMONTID:0004710
CHEMONTID:0004711
CHEMONTID:0004714
CHEMONTID:0004730
CHEMONTID:0004737
CHEMONTID:0004738
CHEMONTID:0004739
CHEMONTID:0004740
CHEMONTID:0004741
CHEMONTID:0004742
CHEMONTID:0004743
CHEMONTID:0004752
CHEMONTID:0004764
CHEMONTID:0004765
CHEMONTID:0004766
CHEMONTID:0004785
CHEMONTID:0004792
CHEMONTID:0004793
CHEMONTID:0004794
CHEMONTID:0004801
CHEMONTID:0004803
CHEMONTID:0004806
CHEMONTID:0004813
CHEMONTID:0004820
CHEMONTID:0004821
CHEMONTID:0004822
CHEMONTID:0004823
CHEMONTID:0004825
CHEMONTID:0002840
CHEMONTID:0000306
CHEMONTID:0000051
CHEMONTID:0000052
CHEMONTID:0000059
CHEMONTID:0000347
CHEMONTID:0002086
CHEMONTID:0000100
CHEMONTID:0000101
CHEMONTID:0000114
CHEMONTID:0000116
CHEMONTID:0000118
CHEMONTID:0000124
CHEMONTID:0000128
CHEMONTID:0000133
CHEMONTID:0000135
CHEMONTID:0000136
CHEMONTID:0000137
CHEMONTID:0000143
CHEMONTID:0000144
CHEMONTID:0002568
CHEMONTID:0000167
CHEMONTID:0000168
CHEMONTID:0000169
CHEMONTID:0000170
CHEMONTID:0000171
CHEMONTID:0000172
CHEMONTID:0000178
CHEMONTID:0000180
CHEMONTID:0000188
CHEMONTID:0000196
CHEMONTID:0000198
CHEMONTID:0000199
CHEMONTID:0002817
CHEMONTID:0001546
CHEMONTID:0002569
CHEMONTID:0000205
CHEMONTID:0000206
CHEMONTID:0000207
CHEMONTID:0000208
CHEMONTID:0000214
CHEMONTID:0000215
CHEMONTID:0000225
CHEMONTID:0000227
CHEMONTID:0000234
CHEMONTID:0004781
CHEMONTID:0000241
CHEMONTID:0002310
CHEMONTID:0000597
CHEMONTID:0000247
CHEMONTID:0000249
CHEMONTID:0001228
CHEMONTID:0002194
CHEMONTID:0000263
CHEMONTID:0000273
CHEMONTID:0000274
CHEMONTID:0000281
CHEMONTID:0003305
CHEMONTID:0000286
CHEMONTID:0000291
CHEMONTID:0000297
CHEMONTID:0000332
CHEMONTID:0000333
CHEMONTID:0000338
CHEMONTID:0000339
CHEMONTID:0000340
CHEMONTID:0000341
CHEMONTID:0000342
CHEMONTID:0000348
CHEMONTID:0000351
CHEMONTID:0000352
CHEMONTID:0000356
CHEMONTID:0000362
CHEMONTID:0004777
CHEMONTID:0000367
CHEMONTID:0000370
CHEMONTID:0002030
CHEMONTID:0000380
CHEMONTID:0000382
CHEMONTID:0000383
CHEMONTID:0000385
CHEMONTID:0001012
CHEMONTID:0000387
CHEMONTID:0004096
CHEMONTID:0000393
CHEMONTID:0000397
CHEMONTID:0000404
CHEMONTID:0000409
CHEMONTID:0000486
CHEMONTID:0001381
CHEMONTID:0000421
CHEMONTID:0000452
CHEMONTID:0003002
CHEMONTID:0001240
CHEMONTID:0002450
CHEMONTID:0000470
CHEMONTID:0000471
CHEMONTID:0000474
CHEMONTID:0000475
CHEMONTID:0000477
CHEMONTID:0000478
CHEMONTID:0000483
CHEMONTID:0000485
CHEMONTID:0001248
CHEMONTID:0000489
CHEMONTID:0000494
CHEMONTID:0000495
CHEMONTID:0000496
CHEMONTID:0000500
CHEMONTID:0001543
CHEMONTID:0000511
CHEMONTID:0000512
CHEMONTID:0000514
CHEMONTID:0000515
CHEMONTID:0000519
CHEMONTID:0000623
CHEMONTID:0000676
CHEMONTID:0000702
CHEMONTID:0001009
CHEMONTID:0001010
CHEMONTID:0001011
CHEMONTID:0001015
CHEMONTID:0002839
CHEMONTID:0001020
CHEMONTID:0001021
CHEMONTID:0001045
CHEMONTID:0001046
CHEMONTID:0001047
CHEMONTID:0001128
CHEMONTID:0002460
CHEMONTID:0001419
CHEMONTID:0001090
CHEMONTID:0001092
CHEMONTID:0001095
CHEMONTID:0001096
CHEMONTID:0001098
CHEMONTID:0001099
CHEMONTID:0001100
CHEMONTID:0001101
CHEMONTID:0001102
CHEMONTID:0001105
CHEMONTID:0001109
CHEMONTID:0001117
CHEMONTID:0001119
CHEMONTID:0001120
CHEMONTID:0001124
CHEMONTID:0001126
CHEMONTID:0001127
CHEMONTID:0001129
CHEMONTID:0001131
CHEMONTID:0001133
CHEMONTID:0001135
CHEMONTID:0001136
CHEMONTID:0001138
CHEMONTID:0001139
CHEMONTID:0001141
CHEMONTID:0001144
CHEMONTID:0001147
CHEMONTID:0001149
CHEMONTID:0001159
CHEMONTID:0001160
CHEMONTID:0001165
CHEMONTID:0001166
CHEMONTID:0001167
CHEMONTID:0001178
CHEMONTID:0001179
CHEMONTID:0001184
CHEMONTID:0001185
CHEMONTID:0001190
CHEMONTID:0001191
CHEMONTID:0001193
CHEMONTID:0001195
CHEMONTID:0001196
CHEMONTID:0001197
CHEMONTID:0001207
CHEMONTID:0001210
CHEMONTID:0001211
CHEMONTID:0002463
CHEMONTID:0001221
CHEMONTID:0001229
CHEMONTID:0001231
CHEMONTID:0001233
CHEMONTID:0001238
CHEMONTID:0001239
CHEMONTID:0001242
CHEMONTID:0001249
CHEMONTID:0001252
CHEMONTID:0001254
CHEMONTID:0001256
CHEMONTID:0001262
CHEMONTID:0001264
CHEMONTID:0001266
CHEMONTID:0001267
CHEMONTID:0001271
CHEMONTID:0001273
CHEMONTID:0001274
CHEMONTID:0001275
CHEMONTID:0001277
CHEMONTID:0001281
CHEMONTID:0001282
CHEMONTID:0001284
CHEMONTID:0001285
CHEMONTID:0001288
CHEMONTID:0001289
CHEMONTID:0001291
CHEMONTID:0001292
CHEMONTID:0002802
CHEMONTID:0001298
CHEMONTID:0001504
CHEMONTID:0002847
CHEMONTID:0001319
CHEMONTID:0001683
CHEMONTID:0001326
CHEMONTID:0001327
CHEMONTID:0001330
CHEMONTID:0001344
CHEMONTID:0001350
CHEMONTID:0001351
CHEMONTID:0001355
CHEMONTID:0001540
CHEMONTID:0001357
CHEMONTID:0001358
CHEMONTID:0001583
CHEMONTID:0001632
CHEMONTID:0001367
CHEMONTID:0001374
CHEMONTID:0001377
CHEMONTID:0001378
CHEMONTID:0001388
CHEMONTID:0001393
CHEMONTID:0001427
CHEMONTID:0001395
CHEMONTID:0001397
CHEMONTID:0001401
CHEMONTID:0001402
CHEMONTID:0001403
CHEMONTID:0001404
CHEMONTID:0001405
CHEMONTID:0001406
CHEMONTID:0001407
CHEMONTID:0001408
CHEMONTID:0001409
CHEMONTID:0001413
CHEMONTID:0001414
CHEMONTID:0001417
CHEMONTID:0001421
CHEMONTID:0001422
CHEMONTID:0001423
CHEMONTID:0001425
CHEMONTID:0001426
CHEMONTID:0001439
CHEMONTID:0001440
CHEMONTID:0001447
CHEMONTID:0001448
CHEMONTID:0001456
CHEMONTID:0001457
CHEMONTID:0001461
CHEMONTID:0001462
CHEMONTID:0001463
CHEMONTID:0001467
CHEMONTID:0001468
CHEMONTID:0001469
CHEMONTID:0001471
CHEMONTID:0001472
CHEMONTID:0001473
CHEMONTID:0001474
CHEMONTID:0001475
CHEMONTID:0001476
CHEMONTID:0001477
CHEMONTID:0001478
CHEMONTID:0001479
CHEMONTID:0001480
CHEMONTID:0001481
CHEMONTID:0001482
CHEMONTID:0001483
CHEMONTID:0001484
CHEMONTID:0001485
CHEMONTID:0001486
CHEMONTID:0001487
CHEMONTID:0001488
CHEMONTID:0001489
CHEMONTID:0001490
CHEMONTID:0001494
CHEMONTID:0001495
CHEMONTID:0001502
CHEMONTID:0001503
CHEMONTID:0001525
CHEMONTID:0001989
CHEMONTID:0001538
CHEMONTID:0001542
CHEMONTID:0001547
CHEMONTID:0001555
CHEMONTID:0001557
CHEMONTID:0001560
CHEMONTID:0001563
CHEMONTID:0001564
CHEMONTID:0001565
CHEMONTID:0001575
CHEMONTID:0001576
CHEMONTID:0001580
CHEMONTID:0001582
CHEMONTID:0003012
CHEMONTID:0001585
CHEMONTID:0001595
CHEMONTID:0001596
CHEMONTID:0001598
CHEMONTID:0001600
CHEMONTID:0001605
CHEMONTID:0001608
CHEMONTID:0001609
CHEMONTID:0003424
CHEMONTID:0001617
CHEMONTID:0001618
CHEMONTID:0001619
CHEMONTID:0001620
CHEMONTID:0001621
CHEMONTID:0001622
CHEMONTID:0001627
CHEMONTID:0001628
CHEMONTID:0001637
CHEMONTID:0001646
CHEMONTID:0001648
CHEMONTID:0001651
CHEMONTID:0001654
CHEMONTID:0001656
CHEMONTID:0001657
CHEMONTID:0001661
CHEMONTID:0001669
CHEMONTID:0001670
CHEMONTID:0001673
CHEMONTID:0002364
CHEMONTID:0001694
CHEMONTID:0001703
CHEMONTID:0001704
CHEMONTID:0001705
CHEMONTID:0001706
CHEMONTID:0001707
CHEMONTID:0001708
CHEMONTID:0001709
CHEMONTID:0001714
CHEMONTID:0001716
CHEMONTID:0001718
CHEMONTID:0001719
CHEMONTID:0001720
CHEMONTID:0001723
CHEMONTID:0001725
CHEMONTID:0001727
CHEMONTID:0001731
CHEMONTID:0001737
CHEMONTID:0001744
CHEMONTID:0001752
CHEMONTID:0002125
CHEMONTID:0001755
CHEMONTID:0001757
CHEMONTID:0001759
CHEMONTID:0001760
CHEMONTID:0001765
CHEMONTID:0001767
CHEMONTID:0001769
CHEMONTID:0003819
CHEMONTID:0001774
CHEMONTID:0001777
CHEMONTID:0001781
CHEMONTID:0001789
CHEMONTID:0001807
CHEMONTID:0001813
CHEMONTID:0001820
CHEMONTID:0001824
CHEMONTID:0001826
CHEMONTID:0001827
CHEMONTID:0001828
CHEMONTID:0001829
CHEMONTID:0001836
CHEMONTID:0001843
CHEMONTID:0001845
CHEMONTID:0001846
CHEMONTID:0003823
CHEMONTID:0001848
CHEMONTID:0001849
CHEMONTID:0001856
CHEMONTID:0001858
CHEMONTID:0001865
CHEMONTID:0001873
CHEMONTID:0001892
CHEMONTID:0001893
CHEMONTID:0001896
CHEMONTID:0001904
CHEMONTID:0001913
CHEMONTID:0001914
CHEMONTID:0001915
CHEMONTID:0001916
CHEMONTID:0001921
CHEMONTID:0001923
CHEMONTID:0001924
CHEMONTID:0001925
CHEMONTID:0001927
CHEMONTID:0001934
CHEMONTID:0002801
CHEMONTID:0001972
CHEMONTID:0001976
CHEMONTID:0001977
CHEMONTID:0001978
CHEMONTID:0001984
CHEMONTID:0001992
CHEMONTID:0001993
CHEMONTID:0001998
CHEMONTID:0001999
CHEMONTID:0002930
CHEMONTID:0002004
CHEMONTID:0002007
CHEMONTID:0002014
CHEMONTID:0002018
CHEMONTID:0002019
CHEMONTID:0002022
CHEMONTID:0002025
CHEMONTID:0002028
CHEMONTID:0002029
CHEMONTID:0002032
CHEMONTID:0002033
CHEMONTID:0002034
CHEMONTID:0002038
CHEMONTID:0002040
CHEMONTID:0002041
CHEMONTID:0002051
CHEMONTID:0002053
CHEMONTID:0002056
CHEMONTID:0002074
CHEMONTID:0002084
CHEMONTID:0002265
CHEMONTID:0002088
CHEMONTID:0002089
CHEMONTID:0003136
CHEMONTID:0002104
CHEMONTID:0002105
CHEMONTID:0002107
CHEMONTID:0002108
CHEMONTID:0002110
CHEMONTID:0002115
CHEMONTID:0002116
CHEMONTID:0002119
CHEMONTID:0002121
CHEMONTID:0002126
CHEMONTID:0002130
CHEMONTID:0002133
CHEMONTID:0002135
CHEMONTID:0002136
CHEMONTID:0002137
CHEMONTID:0002138
CHEMONTID:0002149
CHEMONTID:0002150
CHEMONTID:0002151
CHEMONTID:0002152
CHEMONTID:0002153
CHEMONTID:0002173
CHEMONTID:0002183
CHEMONTID:0002184
CHEMONTID:0002190
CHEMONTID:0002193
CHEMONTID:0002196
CHEMONTID:0002201
CHEMONTID:0002202
CHEMONTID:0002210
CHEMONTID:0002223
CHEMONTID:0002451
CHEMONTID:0002232
CHEMONTID:0002392
CHEMONTID:0002237
CHEMONTID:0002452
CHEMONTID:0002240
CHEMONTID:0002244
CHEMONTID:0002245
CHEMONTID:0002251
CHEMONTID:0002252
CHEMONTID:0002256
CHEMONTID:0002258
CHEMONTID:0002263
CHEMONTID:0002280
CHEMONTID:0002283
CHEMONTID:0002286
CHEMONTID:0002289
CHEMONTID:0002307
CHEMONTID:0002308
CHEMONTID:0002312
CHEMONTID:0002315
CHEMONTID:0002318
CHEMONTID:0002324
CHEMONTID:0002326
CHEMONTID:0002329
CHEMONTID:0002334
CHEMONTID:0002337
CHEMONTID:0002339
CHEMONTID:0002343
CHEMONTID:0002344
CHEMONTID:0002349
CHEMONTID:0002350
CHEMONTID:0002376
CHEMONTID:0002380
CHEMONTID:0002393
CHEMONTID:0002400
CHEMONTID:0002406
CHEMONTID:0002409
CHEMONTID:0002411
CHEMONTID:0002412
CHEMONTID:0002414
CHEMONTID:0002416
CHEMONTID:0002417
CHEMONTID:0002419
CHEMONTID:0002421
CHEMONTID:0002422
CHEMONTID:0002423
CHEMONTID:0002424
CHEMONTID:0002425
CHEMONTID:0002426
CHEMONTID:0002429
CHEMONTID:0002430
CHEMONTID:0002431
CHEMONTID:0003131
CHEMONTID:0002440
CHEMONTID:0004779
CHEMONTID:0002446
CHEMONTID:0002447
CHEMONTID:0002456
CHEMONTID:0002459
CHEMONTID:0002464
CHEMONTID:0002470
CHEMONTID:0002471
CHEMONTID:0002472
CHEMONTID:0002473
CHEMONTID:0002476
CHEMONTID:0002477
CHEMONTID:0002478
CHEMONTID:0002479
CHEMONTID:0002482
CHEMONTID:0002483
CHEMONTID:0002503
CHEMONTID:0002516
CHEMONTID:0002517
CHEMONTID:0002518
CHEMONTID:0002521
CHEMONTID:0002525
CHEMONTID:0002526
CHEMONTID:0002547
CHEMONTID:0002548
CHEMONTID:0002549
CHEMONTID:0002550
CHEMONTID:0002555
CHEMONTID:0002556
CHEMONTID:0002558
CHEMONTID:0002562
CHEMONTID:0002563
CHEMONTID:0002565
CHEMONTID:0002574
CHEMONTID:0002575
CHEMONTID:0002577
CHEMONTID:0002587
CHEMONTID:0002588
CHEMONTID:0002589
CHEMONTID:0002590
CHEMONTID:0002591
CHEMONTID:0002592
CHEMONTID:0002593
CHEMONTID:0002594
CHEMONTID:0002595
CHEMONTID:0002596
CHEMONTID:0002597
CHEMONTID:0002598
CHEMONTID:0002599
CHEMONTID:0002600
CHEMONTID:0002601
CHEMONTID:0002602
CHEMONTID:0002603
CHEMONTID:0002604
CHEMONTID:0002605
CHEMONTID:0002606
CHEMONTID:0002613
CHEMONTID:0002615
CHEMONTID:0002616
CHEMONTID:0003042
CHEMONTID:0003041
CHEMONTID:0002621
CHEMONTID:0002622
CHEMONTID:0002626
CHEMONTID:0002634
CHEMONTID:0002635
CHEMONTID:0002636
CHEMONTID:0002637
CHEMONTID:0002638
CHEMONTID:0002639
CHEMONTID:0002640
CHEMONTID:0002641
CHEMONTID:0002643
CHEMONTID:0002644
CHEMONTID:0002678
CHEMONTID:0002694
CHEMONTID:0002705
CHEMONTID:0002706
CHEMONTID:0002707
CHEMONTID:0002725
CHEMONTID:0002726
CHEMONTID:0002727
CHEMONTID:0002728
CHEMONTID:0002729
CHEMONTID:0002730
CHEMONTID:0002731
CHEMONTID:0002732
CHEMONTID:0002733
CHEMONTID:0002737
CHEMONTID:0003401
CHEMONTID:0002741
CHEMONTID:0002742
CHEMONTID:0002745
CHEMONTID:0002746
CHEMONTID:0002753
CHEMONTID:0002760
CHEMONTID:0002763
CHEMONTID:0002764
CHEMONTID:0002765
CHEMONTID:0002766
CHEMONTID:0002779
CHEMONTID:0002803
CHEMONTID:0002820
CHEMONTID:0002825
CHEMONTID:0002829
CHEMONTID:0002836
CHEMONTID:0002846
CHEMONTID:0002857
CHEMONTID:0002859
CHEMONTID:0002871
CHEMONTID:0002872
CHEMONTID:0002873
CHEMONTID:0002874
CHEMONTID:0002875
CHEMONTID:0002876
CHEMONTID:0002877
CHEMONTID:0002879
CHEMONTID:0002880
CHEMONTID:0002881
CHEMONTID:0002882
CHEMONTID:0002883
CHEMONTID:0002884
CHEMONTID:0002885
CHEMONTID:0002886
CHEMONTID:0002887
CHEMONTID:0002888
CHEMONTID:0002889
CHEMONTID:0002890
CHEMONTID:0002893
CHEMONTID:0002894
CHEMONTID:0002895
CHEMONTID:0002898
CHEMONTID:0002905
CHEMONTID:0002907
CHEMONTID:0002909
CHEMONTID:0002911
CHEMONTID:0002914
CHEMONTID:0002915
CHEMONTID:0002916
CHEMONTID:0002917
CHEMONTID:0002918
CHEMONTID:0002924
CHEMONTID:0002925
CHEMONTID:0002931
CHEMONTID:0002949
CHEMONTID:0002950
CHEMONTID:0002951
CHEMONTID:0002952
CHEMONTID:0002959
CHEMONTID:0002961
CHEMONTID:0002962
CHEMONTID:0002963
CHEMONTID:0003027
CHEMONTID:0003026
CHEMONTID:0002981
CHEMONTID:0002982
CHEMONTID:0002983
CHEMONTID:0002987
CHEMONTID:0002988
CHEMONTID:0002989
CHEMONTID:0002990
CHEMONTID:0002992
CHEMONTID:0002993
CHEMONTID:0002994
CHEMONTID:0003000
CHEMONTID:0003001
CHEMONTID:0003006
CHEMONTID:0003013
CHEMONTID:0003028
CHEMONTID:0003031
CHEMONTID:0003032
CHEMONTID:0003034
CHEMONTID:0003053
CHEMONTID:0003054
CHEMONTID:0003055
CHEMONTID:0003056
CHEMONTID:0003057
CHEMONTID:0003058
CHEMONTID:0003059
CHEMONTID:0003060
CHEMONTID:0003066
CHEMONTID:0003822
CHEMONTID:0003071
CHEMONTID:0003072
CHEMONTID:0003073
CHEMONTID:0003078
CHEMONTID:0003079
CHEMONTID:0003080
CHEMONTID:0003081
CHEMONTID:0003083
CHEMONTID:0003085
CHEMONTID:0003086
CHEMONTID:0003088
CHEMONTID:0003089
CHEMONTID:0003090
CHEMONTID:0003091
CHEMONTID:0003095
CHEMONTID:0003096
CHEMONTID:0003119
CHEMONTID:0003120
CHEMONTID:0003121
CHEMONTID:0003122
CHEMONTID:0003123
CHEMONTID:0003124
CHEMONTID:0003133
CHEMONTID:0003134
CHEMONTID:0003265
CHEMONTID:0003174
CHEMONTID:0003180
CHEMONTID:0003187
CHEMONTID:0003188
CHEMONTID:0003192
CHEMONTID:0003195
CHEMONTID:0003196
CHEMONTID:0003197
CHEMONTID:0003198
CHEMONTID:0003200
CHEMONTID:0003201
CHEMONTID:0003203
CHEMONTID:0003204
CHEMONTID:0004446
CHEMONTID:0003214
CHEMONTID:0003217
CHEMONTID:0003228
CHEMONTID:0003229
CHEMONTID:0003236
CHEMONTID:0003238
CHEMONTID:0003241
CHEMONTID:0003244
CHEMONTID:0003249
CHEMONTID:0003253
CHEMONTID:0003254
CHEMONTID:0003345
CHEMONTID:0003263
CHEMONTID:0003273
CHEMONTID:0003276
CHEMONTID:0003277
CHEMONTID:0003278
CHEMONTID:0003280
CHEMONTID:0003289
CHEMONTID:0003310
CHEMONTID:0003318
CHEMONTID:0003319
CHEMONTID:0003321
CHEMONTID:0003328
CHEMONTID:0003344
CHEMONTID:0003351
CHEMONTID:0003355
CHEMONTID:0003356
CHEMONTID:0003357
CHEMONTID:0003359
CHEMONTID:0003360
CHEMONTID:0003362
CHEMONTID:0003363
CHEMONTID:0003368
CHEMONTID:0003369
CHEMONTID:0003379
CHEMONTID:0003380
CHEMONTID:0003381
CHEMONTID:0003382
CHEMONTID:0003383
CHEMONTID:0003384
CHEMONTID:0003388
CHEMONTID:0003396
CHEMONTID:0003397
CHEMONTID:0003398
CHEMONTID:0003399
CHEMONTID:0003417
CHEMONTID:0003677
CHEMONTID:0003421
CHEMONTID:0003422
CHEMONTID:0003423
CHEMONTID:0003428
CHEMONTID:0003429
CHEMONTID:0003430
CHEMONTID:0003437
CHEMONTID:0003438
CHEMONTID:0003439
CHEMONTID:0003453
CHEMONTID:0003457
CHEMONTID:0003462
CHEMONTID:0003472
CHEMONTID:0003473
CHEMONTID:0003474
CHEMONTID:0003475
CHEMONTID:0003476
CHEMONTID:0003478
CHEMONTID:0003479
CHEMONTID:0003485
CHEMONTID:0003486
CHEMONTID:0003488
CHEMONTID:0003489
CHEMONTID:0003490
CHEMONTID:0003492
CHEMONTID:0003543
CHEMONTID:0003494
CHEMONTID:0003501
CHEMONTID:0003502
CHEMONTID:0003503
CHEMONTID:0003504
CHEMONTID:0003639
CHEMONTID:0003643
CHEMONTID:0003646
CHEMONTID:0003642
CHEMONTID:0003509
CHEMONTID:0003510
CHEMONTID:0003522
CHEMONTID:0003523
CHEMONTID:0003524
CHEMONTID:0003528
CHEMONTID:0003537
CHEMONTID:0003542
CHEMONTID:0003545
CHEMONTID:0003546
CHEMONTID:0003547
CHEMONTID:0003548
CHEMONTID:0003549
CHEMONTID:0003550
CHEMONTID:0003557
CHEMONTID:0003558
CHEMONTID:0003559
CHEMONTID:0003560
CHEMONTID:0003561
CHEMONTID:0003563
CHEMONTID:0003565
CHEMONTID:0003570
CHEMONTID:0003578
CHEMONTID:0003584
CHEMONTID:0003587
CHEMONTID:0003645
CHEMONTID:0003593
CHEMONTID:0003598
CHEMONTID:0003599
CHEMONTID:0003602
CHEMONTID:0003664
CHEMONTID:0003604
CHEMONTID:0003605
CHEMONTID:0003606
CHEMONTID:0003618
CHEMONTID:0003617
CHEMONTID:0003622
CHEMONTID:0003623
CHEMONTID:0003638
CHEMONTID:0003640
CHEMONTID:0003641
CHEMONTID:0003644
CHEMONTID:0003655
CHEMONTID:0003662
CHEMONTID:0003665
CHEMONTID:0003666
CHEMONTID:0003682
CHEMONTID:0003698
CHEMONTID:0003739
CHEMONTID:0003740
CHEMONTID:0003721
CHEMONTID:0003722
CHEMONTID:0003727
CHEMONTID:0003728
CHEMONTID:0003742
CHEMONTID:0003743
CHEMONTID:0003752
CHEMONTID:0003782
CHEMONTID:0003788
CHEMONTID:0003789
CHEMONTID:0003790
CHEMONTID:0003793
CHEMONTID:0003794
CHEMONTID:0003795
CHEMONTID:0003806
CHEMONTID:0003810
CHEMONTID:0003811
CHEMONTID:0003812
CHEMONTID:0003813
CHEMONTID:0003814
CHEMONTID:0003816
CHEMONTID:0003817
CHEMONTID:0003824
CHEMONTID:0003826
CHEMONTID:0003827
CHEMONTID:0003828
CHEMONTID:0003829
CHEMONTID:0003830
CHEMONTID:0003831
CHEMONTID:0003832
CHEMONTID:0003833
CHEMONTID:0003834
CHEMONTID:0003836
CHEMONTID:0003837
CHEMONTID:0003838
CHEMONTID:0003839
CHEMONTID:0003840
CHEMONTID:0003841
CHEMONTID:0003842
CHEMONTID:0003843
CHEMONTID:0003844
CHEMONTID:0003845
CHEMONTID:0003846
CHEMONTID:0003847
CHEMONTID:0003848
CHEMONTID:0003849
CHEMONTID:0003850
CHEMONTID:0003851
CHEMONTID:0003852
CHEMONTID:0003854
CHEMONTID:0003858
CHEMONTID:0003861
CHEMONTID:0003863
CHEMONTID:0003864
CHEMONTID:0003869
CHEMONTID:0003871
CHEMONTID:0003879
CHEMONTID:0003880
CHEMONTID:0003881
CHEMONTID:0003882
CHEMONTID:0003884
CHEMONTID:0003895
CHEMONTID:0003896
CHEMONTID:0003897
CHEMONTID:0003898
CHEMONTID:0003899
CHEMONTID:0003900
CHEMONTID:0003911
CHEMONTID:0003927
CHEMONTID:0003928
CHEMONTID:0003951
CHEMONTID:0003952
CHEMONTID:0003955
CHEMONTID:0003962
CHEMONTID:0003963
CHEMONTID:0003961
CHEMONTID:0003964
CHEMONTID:0003967
CHEMONTID:0003968
CHEMONTID:0004108
CHEMONTID:0003971
CHEMONTID:0003974
CHEMONTID:0003975
CHEMONTID:0003977
CHEMONTID:0003979
CHEMONTID:0003980
CHEMONTID:0003982
CHEMONTID:0003983
CHEMONTID:0003984
CHEMONTID:0004280
CHEMONTID:0003987
CHEMONTID:0003988
CHEMONTID:0003990
CHEMONTID:0003995
CHEMONTID:0003999
CHEMONTID:0004004
CHEMONTID:0004008
CHEMONTID:0004018
CHEMONTID:0004027
CHEMONTID:0004038
CHEMONTID:0004041
CHEMONTID:0004042
CHEMONTID:0004043
CHEMONTID:0004050
CHEMONTID:0004051
CHEMONTID:0004055
CHEMONTID:0004056
CHEMONTID:0004063
CHEMONTID:0004064
CHEMONTID:0004065
CHEMONTID:0004066
CHEMONTID:0004069
CHEMONTID:0004070
CHEMONTID:0004071
CHEMONTID:0004075
CHEMONTID:0004078
CHEMONTID:0004080
CHEMONTID:0004081
CHEMONTID:0004087
CHEMONTID:0004088
CHEMONTID:0004091
CHEMONTID:0004092
CHEMONTID:0004093
CHEMONTID:0004094
CHEMONTID:0004098
CHEMONTID:0004110
CHEMONTID:0004111
CHEMONTID:0004114
CHEMONTID:0004117
CHEMONTID:0004133
CHEMONTID:0004138
CHEMONTID:0004147
CHEMONTID:0004153
CHEMONTID:0004156
CHEMONTID:0004158
CHEMONTID:0004159
CHEMONTID:0004160
CHEMONTID:0004161
CHEMONTID:0004173
CHEMONTID:0004175
CHEMONTID:0004177
CHEMONTID:0004178
CHEMONTID:0004181
CHEMONTID:0004183
CHEMONTID:0004184
CHEMONTID:0004196
CHEMONTID:0004199
CHEMONTID:0004200
CHEMONTID:0004202
CHEMONTID:0004204
CHEMONTID:0004205
CHEMONTID:0004209
CHEMONTID:0004210
CHEMONTID:0004211
CHEMONTID:0004212
CHEMONTID:0004216
CHEMONTID:0004218
CHEMONTID:0004219
CHEMONTID:0004225
CHEMONTID:0004226
CHEMONTID:0004227
CHEMONTID:0004228
CHEMONTID:0004230
CHEMONTID:0004308
CHEMONTID:0004235
CHEMONTID:0004238
CHEMONTID:0004240
CHEMONTID:0004243
CHEMONTID:0004249
CHEMONTID:0004259
CHEMONTID:0004268
CHEMONTID:0004281
CHEMONTID:0004282
CHEMONTID:0004285
CHEMONTID:0004286
CHEMONTID:0004287
CHEMONTID:0004288
CHEMONTID:0004289
CHEMONTID:0004290
CHEMONTID:0004291
CHEMONTID:0004292
CHEMONTID:0004303
CHEMONTID:0004309
CHEMONTID:0004337
CHEMONTID:0004338
CHEMONTID:0004339
CHEMONTID:0004342
CHEMONTID:0004348
CHEMONTID:0004352
CHEMONTID:0004355
CHEMONTID:0004361
CHEMONTID:0004369
CHEMONTID:0004386
CHEMONTID:0004389
CHEMONTID:0004391
CHEMONTID:0004393
CHEMONTID:0004406
CHEMONTID:0004704
CHEMONTID:0004420
CHEMONTID:0004423
CHEMONTID:0004424
CHEMONTID:0004428
CHEMONTID:0004431
CHEMONTID:0004445
CHEMONTID:0004449
CHEMONTID:0004451
CHEMONTID:0004452
CHEMONTID:0004465
CHEMONTID:0004466
CHEMONTID:0004473
CHEMONTID:0004481
CHEMONTID:0004482
CHEMONTID:0004486
CHEMONTID:0004488
CHEMONTID:0004495
CHEMONTID:0004505
CHEMONTID:0004506
CHEMONTID:0004509
CHEMONTID:0004511
CHEMONTID:0004514
CHEMONTID:0004520
CHEMONTID:0004521
CHEMONTID:0004522
CHEMONTID:0004525
CHEMONTID:0004526
CHEMONTID:0004528
CHEMONTID:0004532
CHEMONTID:0004537
CHEMONTID:0004541
CHEMONTID:0004543
CHEMONTID:0004552
CHEMONTID:0004554
CHEMONTID:0004560
CHEMONTID:0004561
CHEMONTID:0004562
CHEMONTID:0004564
CHEMONTID:0004568
CHEMONTID:0004570
CHEMONTID:0004579
CHEMONTID:0004583
CHEMONTID:0004587
CHEMONTID:0004593
CHEMONTID:0004594
CHEMONTID:0004597
CHEMONTID:0004600
CHEMONTID:0004602
CHEMONTID:0004605
CHEMONTID:0004608
CHEMONTID:0004610
CHEMONTID:0004613
CHEMONTID:0004616
CHEMONTID:0004620
CHEMONTID:0004621
CHEMONTID:0004623
CHEMONTID:0004630
CHEMONTID:0004633
CHEMONTID:0004634
CHEMONTID:0004635
CHEMONTID:0004636
CHEMONTID:0004637
CHEMONTID:0004638
CHEMONTID:0004639
CHEMONTID:0004644
CHEMONTID:0004645
CHEMONTID:0004654
CHEMONTID:0004655
CHEMONTID:0004656
CHEMONTID:0004658
CHEMONTID:0004661
CHEMONTID:0004662
CHEMONTID:0004667
CHEMONTID:0004671
CHEMONTID:0004674
CHEMONTID:0004675
CHEMONTID:0004678
CHEMONTID:0004679
CHEMONTID:0004680
CHEMONTID:0004682
CHEMONTID:0004691
CHEMONTID:0004692
CHEMONTID:0004694
CHEMONTID:0004697
CHEMONTID:0004698
CHEMONTID:0004705
CHEMONTID:0004706
CHEMONTID:0004709
CHEMONTID:0004712
CHEMONTID:0004715
CHEMONTID:0004720
CHEMONTID:0004722
CHEMONTID:0004723
CHEMONTID:0004724
CHEMONTID:0004729
CHEMONTID:0004732
CHEMONTID:0004734
CHEMONTID:0004735
CHEMONTID:0004744
CHEMONTID:0004753
CHEMONTID:0004754
CHEMONTID:0004759
CHEMONTID:0004767
CHEMONTID:0004769
CHEMONTID:0004770
CHEMONTID:0004778
CHEMONTID:0004782
CHEMONTID:0004783
CHEMONTID:0004790
CHEMONTID:0004798
CHEMONTID:0004800
CHEMONTID:0004802
CHEMONTID:0004804
CHEMONTID:0004805
CHEMONTID:0004807
CHEMONTID:0004811
CHEMONTID:0004818
CHEMONTID:0004828
CHEMONTID:0004829
CHEMONTID:0000060
CHEMONTID:0000062
CHEMONTID:0000077
CHEMONTID:0000115
CHEMONTID:0000122
CHEMONTID:0003487
CHEMONTID:0001148
CHEMONTID:0000149
CHEMONTID:0000173
CHEMONTID:0000174
CHEMONTID:0000179
CHEMONTID:0000182
CHEMONTID:0000197
CHEMONTID:0000200
CHEMONTID:0000201
CHEMONTID:0000202
CHEMONTID:0000203
CHEMONTID:0000209
CHEMONTID:0000228
CHEMONTID:0000237
CHEMONTID:0000242
CHEMONTID:0000246
CHEMONTID:0000255
CHEMONTID:0000260
CHEMONTID:0000318
CHEMONTID:0000280
CHEMONTID:0000282
CHEMONTID:0000290
CHEMONTID:0000292
CHEMONTID:0000366
CHEMONTID:0000371
CHEMONTID:0001498
CHEMONTID:0002094
CHEMONTID:0001662
CHEMONTID:0000386
CHEMONTID:0000391
CHEMONTID:0000413
CHEMONTID:0000416
CHEMONTID:0000420
CHEMONTID:0000465
CHEMONTID:0000468
CHEMONTID:0000469
CHEMONTID:0000487
CHEMONTID:0000502
CHEMONTID:0000516
CHEMONTID:0001007
CHEMONTID:0001019
CHEMONTID:0001054
CHEMONTID:0001088
CHEMONTID:0001089
CHEMONTID:0001104
CHEMONTID:0001106
CHEMONTID:0001107
CHEMONTID:0001108
CHEMONTID:0001110
CHEMONTID:0001118
CHEMONTID:0001121
CHEMONTID:0001122
CHEMONTID:0001130
CHEMONTID:0002209
CHEMONTID:0001897
CHEMONTID:0001150
CHEMONTID:0001164
CHEMONTID:0001366
CHEMONTID:0001171
CHEMONTID:0001208
CHEMONTID:0001215
CHEMONTID:0001216
CHEMONTID:0001217
CHEMONTID:0001223
CHEMONTID:0001225
CHEMONTID:0001226
CHEMONTID:0001227
CHEMONTID:0001250
CHEMONTID:0001251
CHEMONTID:0001280
CHEMONTID:0001287
CHEMONTID:0001294
CHEMONTID:0001299
CHEMONTID:0001301
CHEMONTID:0001320
CHEMONTID:0001321
CHEMONTID:0001324
CHEMONTID:0001328
CHEMONTID:0003213
CHEMONTID:0001356
CHEMONTID:0001361
CHEMONTID:0001362
CHEMONTID:0003672
CHEMONTID:0001375
CHEMONTID:0001376
CHEMONTID:0002276
CHEMONTID:0001394
CHEMONTID:0001399
CHEMONTID:0001400
CHEMONTID:0001410
CHEMONTID:0001411
CHEMONTID:0001428
CHEMONTID:0001429
CHEMONTID:0001430
CHEMONTID:0001431
CHEMONTID:0001432
CHEMONTID:0001433
CHEMONTID:0001436
CHEMONTID:0001496
CHEMONTID:0001497
CHEMONTID:0001499
CHEMONTID:0001500
CHEMONTID:0001501
CHEMONTID:0001505
CHEMONTID:0001528
CHEMONTID:0001537
CHEMONTID:0001541
CHEMONTID:0001545
CHEMONTID:0001556
CHEMONTID:0001558
CHEMONTID:0001559
CHEMONTID:0001561
CHEMONTID:0001562
CHEMONTID:0001584
CHEMONTID:0001597
CHEMONTID:0001599
CHEMONTID:0001939
CHEMONTID:0001603
CHEMONTID:0001613
CHEMONTID:0001635
CHEMONTID:0001638
CHEMONTID:0001639
CHEMONTID:0001643
CHEMONTID:0001644
CHEMONTID:0001647
CHEMONTID:0001653
CHEMONTID:0001658
CHEMONTID:0001659
CHEMONTID:0001660
CHEMONTID:0001663
CHEMONTID:0001664
CHEMONTID:0001676
CHEMONTID:0001677
CHEMONTID:0001680
CHEMONTID:0001681
CHEMONTID:0001682
CHEMONTID:0001684
CHEMONTID:0001687
CHEMONTID:0001699
CHEMONTID:0001724
CHEMONTID:0001726
CHEMONTID:0001728
CHEMONTID:0003684
CHEMONTID:0001735
CHEMONTID:0001736
CHEMONTID:0001738
CHEMONTID:0001739
CHEMONTID:0001741
CHEMONTID:0001745
CHEMONTID:0001746
CHEMONTID:0001747
CHEMONTID:0001748
CHEMONTID:0001754
CHEMONTID:0001756
CHEMONTID:0001762
CHEMONTID:0001763
CHEMONTID:0001768
CHEMONTID:0001770
CHEMONTID:0001771
CHEMONTID:0001772
CHEMONTID:0001773
CHEMONTID:0001776
CHEMONTID:0001779
CHEMONTID:0001801
CHEMONTID:0001811
CHEMONTID:0001812
CHEMONTID:0001815
CHEMONTID:0001847
CHEMONTID:0001852
CHEMONTID:0001866
CHEMONTID:0001878
CHEMONTID:0001879
CHEMONTID:0001880
CHEMONTID:0001901
CHEMONTID:0001902
CHEMONTID:0001917
CHEMONTID:0001937
CHEMONTID:0001938
CHEMONTID:0001940
CHEMONTID:0001941
CHEMONTID:0001942
CHEMONTID:0001943
CHEMONTID:0001944
CHEMONTID:0001945
CHEMONTID:0001946
CHEMONTID:0001947
CHEMONTID:0001949
CHEMONTID:0001950
CHEMONTID:0001951
CHEMONTID:0001952
CHEMONTID:0001953
CHEMONTID:0001954
CHEMONTID:0001955
CHEMONTID:0001956
CHEMONTID:0001957
CHEMONTID:0001958
CHEMONTID:0001959
CHEMONTID:0001960
CHEMONTID:0001961
CHEMONTID:0001962
CHEMONTID:0001963
CHEMONTID:0001968
CHEMONTID:0001995
CHEMONTID:0002002
CHEMONTID:0002008
CHEMONTID:0002010
CHEMONTID:0002023
CHEMONTID:0002024
CHEMONTID:0002045
CHEMONTID:0002046
CHEMONTID:0002047
CHEMONTID:0002048
CHEMONTID:0002057
CHEMONTID:0002085
CHEMONTID:0002087
CHEMONTID:0002092
CHEMONTID:0002093
CHEMONTID:0002095
CHEMONTID:0002101
CHEMONTID:0002120
CHEMONTID:0002139
CHEMONTID:0002140
CHEMONTID:0002141
CHEMONTID:0002142
CHEMONTID:0002143
CHEMONTID:0002144
CHEMONTID:0002145
CHEMONTID:0002146
CHEMONTID:0002154
CHEMONTID:0002155
CHEMONTID:0002156
CHEMONTID:0002157
CHEMONTID:0002158
CHEMONTID:0002159
CHEMONTID:0002160
CHEMONTID:0002161
CHEMONTID:0002162
CHEMONTID:0002163
CHEMONTID:0002165
CHEMONTID:0002166
CHEMONTID:0002167
CHEMONTID:0002168
CHEMONTID:0002169
CHEMONTID:0002170
CHEMONTID:0002171
CHEMONTID:0002172
CHEMONTID:0002175
CHEMONTID:0002176
CHEMONTID:0002187
CHEMONTID:0002191
CHEMONTID:0002198
CHEMONTID:0002199
CHEMONTID:0002203
CHEMONTID:0002204
CHEMONTID:0002205
CHEMONTID:0002206
CHEMONTID:0002207
CHEMONTID:0002208
CHEMONTID:0002222
CHEMONTID:0002228
CHEMONTID:0002229
CHEMONTID:0002230
CHEMONTID:0002231
CHEMONTID:0002233
CHEMONTID:0002235
CHEMONTID:0002239
CHEMONTID:0002242
CHEMONTID:0002248
CHEMONTID:0002249
CHEMONTID:0002253
CHEMONTID:0003067
CHEMONTID:0002509
CHEMONTID:0002311
CHEMONTID:0002314
CHEMONTID:0002316
CHEMONTID:0002325
CHEMONTID:0002327
CHEMONTID:0002328
CHEMONTID:0002345
CHEMONTID:0002346
CHEMONTID:0002347
CHEMONTID:0002354
CHEMONTID:0002358
CHEMONTID:0002362
CHEMONTID:0002365
CHEMONTID:0002375
CHEMONTID:0002378
CHEMONTID:0002379
CHEMONTID:0002394
CHEMONTID:0002395
CHEMONTID:0002407
CHEMONTID:0002408
CHEMONTID:0002410
CHEMONTID:0002413
CHEMONTID:0002415
CHEMONTID:0002418
CHEMONTID:0002420
CHEMONTID:0002432
CHEMONTID:0002433
CHEMONTID:0002434
CHEMONTID:0002435
CHEMONTID:0002443
CHEMONTID:0002444
CHEMONTID:0002453
CHEMONTID:0002454
CHEMONTID:0002455
CHEMONTID:0002457
CHEMONTID:0002458
CHEMONTID:0002467
CHEMONTID:0002501
CHEMONTID:0002502
CHEMONTID:0002505
CHEMONTID:0002519
CHEMONTID:0002527
CHEMONTID:0002529
CHEMONTID:0002539
CHEMONTID:0002557
CHEMONTID:0002564
CHEMONTID:0002580
CHEMONTID:0002611
CHEMONTID:0002618
CHEMONTID:0002619
CHEMONTID:0002624
CHEMONTID:0002628
CHEMONTID:0002632
CHEMONTID:0002647
CHEMONTID:0003003
CHEMONTID:0002686
CHEMONTID:0002687
CHEMONTID:0002688
CHEMONTID:0002689
CHEMONTID:0002690
CHEMONTID:0002695
CHEMONTID:0002696
CHEMONTID:0003678
CHEMONTID:0003681
CHEMONTID:0003679
CHEMONTID:0002734
CHEMONTID:0002735
CHEMONTID:0002736
CHEMONTID:0002738
CHEMONTID:0002761
CHEMONTID:0002762
CHEMONTID:0002767
CHEMONTID:0002768
CHEMONTID:0002769
CHEMONTID:0002770
CHEMONTID:0002771
CHEMONTID:0002772
CHEMONTID:0002773
CHEMONTID:0002774
CHEMONTID:0002775
CHEMONTID:0002776
CHEMONTID:0002777
CHEMONTID:0002778
CHEMONTID:0002784
CHEMONTID:0002786
CHEMONTID:0002787
CHEMONTID:0002809
CHEMONTID:0002821
CHEMONTID:0002841
CHEMONTID:0002842
CHEMONTID:0002844
CHEMONTID:0002845
CHEMONTID:0002848
CHEMONTID:0002849
CHEMONTID:0002856
CHEMONTID:0002878
CHEMONTID:0002906
CHEMONTID:0002912
CHEMONTID:0002913
CHEMONTID:0002934
CHEMONTID:0002938
CHEMONTID:0002948
CHEMONTID:0002960
CHEMONTID:0002968
CHEMONTID:0002969
CHEMONTID:0002970
CHEMONTID:0002971
CHEMONTID:0002972
CHEMONTID:0002973
CHEMONTID:0002974
CHEMONTID:0002975
CHEMONTID:0002985
CHEMONTID:0002986
CHEMONTID:0002998
CHEMONTID:0002999
CHEMONTID:0003004
CHEMONTID:0003017
CHEMONTID:0003024
CHEMONTID:0003025
CHEMONTID:0003029
CHEMONTID:0003030
CHEMONTID:0003033
CHEMONTID:0003040
CHEMONTID:0003045
CHEMONTID:0003047
CHEMONTID:0003051
CHEMONTID:0003052
CHEMONTID:0003068
CHEMONTID:0003069
CHEMONTID:0003070
CHEMONTID:0003074
CHEMONTID:0003082
CHEMONTID:0003084
CHEMONTID:0003097
CHEMONTID:0003098
CHEMONTID:0003099
CHEMONTID:0003100
CHEMONTID:0003104
CHEMONTID:0003105
CHEMONTID:0003140
CHEMONTID:0003160
CHEMONTID:0003161
CHEMONTID:0003162
CHEMONTID:0003163
CHEMONTID:0003175
CHEMONTID:0003181
CHEMONTID:0003182
CHEMONTID:0003183
CHEMONTID:0003186
CHEMONTID:0003189
CHEMONTID:0003202
CHEMONTID:0003205
CHEMONTID:0003206
CHEMONTID:0003207
CHEMONTID:0003208
CHEMONTID:0003227
CHEMONTID:0003230
CHEMONTID:0003231
CHEMONTID:0003232
CHEMONTID:0003233
CHEMONTID:0003234
CHEMONTID:0003235
CHEMONTID:0003237
CHEMONTID:0003239
CHEMONTID:0003240
CHEMONTID:0003242
CHEMONTID:0003243
CHEMONTID:0003245
CHEMONTID:0003247
CHEMONTID:0003248
CHEMONTID:0003252
CHEMONTID:0003255
CHEMONTID:0003256
CHEMONTID:0003257
CHEMONTID:0003259
CHEMONTID:0003266
CHEMONTID:0003267
CHEMONTID:0003268
CHEMONTID:0003269
CHEMONTID:0003270
CHEMONTID:0003271
CHEMONTID:0003281
CHEMONTID:0003287
CHEMONTID:0003288
CHEMONTID:0003295
CHEMONTID:0003296
CHEMONTID:0003303
CHEMONTID:0003306
CHEMONTID:0003307
CHEMONTID:0003308
CHEMONTID:0003311
CHEMONTID:0003313
CHEMONTID:0003314
CHEMONTID:0003315
CHEMONTID:0003322
CHEMONTID:0003325
CHEMONTID:0003329
CHEMONTID:0003330
CHEMONTID:0003331
CHEMONTID:0003338
CHEMONTID:0003339
CHEMONTID:0003340
CHEMONTID:0003341
CHEMONTID:0003342
CHEMONTID:0003343
CHEMONTID:0003346
CHEMONTID:0003347
CHEMONTID:0003348
CHEMONTID:0003349
CHEMONTID:0003358
CHEMONTID:0003365
CHEMONTID:0003366
CHEMONTID:0003367
CHEMONTID:0003374
CHEMONTID:0003375
CHEMONTID:0003376
CHEMONTID:0003377
CHEMONTID:0003390
CHEMONTID:0003400
CHEMONTID:0003402
CHEMONTID:0003403
CHEMONTID:0003416
CHEMONTID:0003420
CHEMONTID:0003432
CHEMONTID:0003433
CHEMONTID:0003434
CHEMONTID:0003435
CHEMONTID:0003444
CHEMONTID:0003450
CHEMONTID:0003451
CHEMONTID:0003452
CHEMONTID:0003454
CHEMONTID:0003458
CHEMONTID:0003459
CHEMONTID:0003460
CHEMONTID:0003469
CHEMONTID:0003493
CHEMONTID:0003505
CHEMONTID:0003506
CHEMONTID:0003507
CHEMONTID:0003508
CHEMONTID:0003512
CHEMONTID:0003513
CHEMONTID:0003514
CHEMONTID:0003525
CHEMONTID:0003526
CHEMONTID:0003527
CHEMONTID:0003531
CHEMONTID:0003533
CHEMONTID:0003535
CHEMONTID:0003540
CHEMONTID:0003544
CHEMONTID:0003680
CHEMONTID:0003562
CHEMONTID:0003564
CHEMONTID:0003571
CHEMONTID:0003572
CHEMONTID:0003577
CHEMONTID:0003579
CHEMONTID:0003580
CHEMONTID:0003583
CHEMONTID:0003582
CHEMONTID:0003585
CHEMONTID:0003588
CHEMONTID:0003595
CHEMONTID:0003596
CHEMONTID:0003600
CHEMONTID:0003601
CHEMONTID:0003603
CHEMONTID:0003614
CHEMONTID:0003619
CHEMONTID:0003628
CHEMONTID:0003647
CHEMONTID:0003648
CHEMONTID:0003651
CHEMONTID:0003657
CHEMONTID:0003660
CHEMONTID:0003661
CHEMONTID:0003670
CHEMONTID:0003675
CHEMONTID:0003685
CHEMONTID:0003717
CHEMONTID:0003718
CHEMONTID:0003719
CHEMONTID:0003720
CHEMONTID:0003729
CHEMONTID:0003730
CHEMONTID:0003731
CHEMONTID:0003732
CHEMONTID:0003783
CHEMONTID:0003784
CHEMONTID:0003818
CHEMONTID:0003820
CHEMONTID:0003821
CHEMONTID:0003825
CHEMONTID:0003855
CHEMONTID:0003856
CHEMONTID:0003857
CHEMONTID:0003859
CHEMONTID:0003860
CHEMONTID:0003867
CHEMONTID:0003868
CHEMONTID:0003870
CHEMONTID:0003908
CHEMONTID:0003919
CHEMONTID:0003922
CHEMONTID:0003924
CHEMONTID:0003926
CHEMONTID:0003947
CHEMONTID:0003954
CHEMONTID:0003956
CHEMONTID:0003958
CHEMONTID:0003959
CHEMONTID:0003960
CHEMONTID:0003965
CHEMONTID:0003966
CHEMONTID:0003969
CHEMONTID:0003986
CHEMONTID:0003989
CHEMONTID:0004001
CHEMONTID:0004003
CHEMONTID:0004005
CHEMONTID:0004006
CHEMONTID:0004009
CHEMONTID:0004021
CHEMONTID:0004029
CHEMONTID:0004046
CHEMONTID:0004047
CHEMONTID:0004048
CHEMONTID:0004049
CHEMONTID:0004058
CHEMONTID:0004237
CHEMONTID:0004067
CHEMONTID:0004068
CHEMONTID:0004072
CHEMONTID:0004084
CHEMONTID:0004085
CHEMONTID:0004090
CHEMONTID:0004100
CHEMONTID:0004101
CHEMONTID:0004109
CHEMONTID:0004115
CHEMONTID:0004142
CHEMONTID:0004165
CHEMONTID:0004167
CHEMONTID:0004171
CHEMONTID:0004172
CHEMONTID:0004176
CHEMONTID:0004185
CHEMONTID:0004206
CHEMONTID:0004207
CHEMONTID:0004213
CHEMONTID:0004214
CHEMONTID:0004215
CHEMONTID:0004220
CHEMONTID:0004221
CHEMONTID:0004222
CHEMONTID:0004231
CHEMONTID:0004234
CHEMONTID:0004239
CHEMONTID:0004241
CHEMONTID:0004242
CHEMONTID:0004244
CHEMONTID:0004245
CHEMONTID:0004251
CHEMONTID:0004253
CHEMONTID:0004254
CHEMONTID:0004255
CHEMONTID:0004256
CHEMONTID:0004257
CHEMONTID:0004262
CHEMONTID:0004265
CHEMONTID:0004266
CHEMONTID:0004271
CHEMONTID:0004274
CHEMONTID:0004276
CHEMONTID:0004277
CHEMONTID:0004283
CHEMONTID:0004284
CHEMONTID:0004295
CHEMONTID:0004333
CHEMONTID:0004334
CHEMONTID:0004335
CHEMONTID:0004340
CHEMONTID:0004341
CHEMONTID:0004347
CHEMONTID:0004354
CHEMONTID:0004365
CHEMONTID:0004374
CHEMONTID:0004384
CHEMONTID:0004392
CHEMONTID:0004394
CHEMONTID:0004395
CHEMONTID:0004397
CHEMONTID:0004398
CHEMONTID:0004399
CHEMONTID:0004400
CHEMONTID:0004413
CHEMONTID:0004414
CHEMONTID:0004421
CHEMONTID:0004425
CHEMONTID:0004426
CHEMONTID:0004444
CHEMONTID:0004448
CHEMONTID:0004453
CHEMONTID:0004454
CHEMONTID:0004472
CHEMONTID:0004479
CHEMONTID:0004508
CHEMONTID:0004513
CHEMONTID:0004517
CHEMONTID:0004519
CHEMONTID:0004527
CHEMONTID:0004529
CHEMONTID:0004530
CHEMONTID:0004531
CHEMONTID:0004533
CHEMONTID:0004534
CHEMONTID:0004542
CHEMONTID:0004544
CHEMONTID:0004547
CHEMONTID:0004550
CHEMONTID:0004559
CHEMONTID:0004569
CHEMONTID:0004571
CHEMONTID:0004573
CHEMONTID:0004574
CHEMONTID:0004575
CHEMONTID:0004580
CHEMONTID:0004591
CHEMONTID:0004595
CHEMONTID:0004596
CHEMONTID:0004598
CHEMONTID:0004607
CHEMONTID:0004609
CHEMONTID:0004612
CHEMONTID:0004617
CHEMONTID:0004618
CHEMONTID:0004619
CHEMONTID:0004624
CHEMONTID:0004625
CHEMONTID:0004657
CHEMONTID:0004666
CHEMONTID:0004669
CHEMONTID:0004683
CHEMONTID:0004684
CHEMONTID:0004686
CHEMONTID:0004687
CHEMONTID:0004699
CHEMONTID:0004700
CHEMONTID:0004701
CHEMONTID:0004713
CHEMONTID:0004716
CHEMONTID:0004721
CHEMONTID:0004725
CHEMONTID:0004726
CHEMONTID:0004727
CHEMONTID:0004731
CHEMONTID:0004733
CHEMONTID:0004745
CHEMONTID:0004746
CHEMONTID:0004747
CHEMONTID:0004748
CHEMONTID:0004749
CHEMONTID:0004750
CHEMONTID:0004751
CHEMONTID:0004755
CHEMONTID:0004760
CHEMONTID:0004761
CHEMONTID:0004762
CHEMONTID:0004763
CHEMONTID:0004771
CHEMONTID:0004772
CHEMONTID:0004773
CHEMONTID:0004774
CHEMONTID:0004775
CHEMONTID:0004780
CHEMONTID:0004784
CHEMONTID:0004791
CHEMONTID:0004795
CHEMONTID:0004808
CHEMONTID:0004810
CHEMONTID:0004814
CHEMONTID:0004815
CHEMONTID:0004817
CHEMONTID:0004824
CHEMONTID:0004827
CHEMONTID:0000125
CHEMONTID:0000146
CHEMONTID:0000156
CHEMONTID:0000204
CHEMONTID:0000271
CHEMONTID:0000373
CHEMONTID:0000374
CHEMONTID:0000376
CHEMONTID:0000394
CHEMONTID:0001143
CHEMONTID:0001145
CHEMONTID:0001162
CHEMONTID:0001170
CHEMONTID:0001189
CHEMONTID:0001192
CHEMONTID:0001203
CHEMONTID:0001255
CHEMONTID:0001697
CHEMONTID:0001318
CHEMONTID:0001345
CHEMONTID:0001363
CHEMONTID:0001373
CHEMONTID:0001380
CHEMONTID:0001458
CHEMONTID:0001531
CHEMONTID:0001532
CHEMONTID:0001533
CHEMONTID:0001587
CHEMONTID:0002404
CHEMONTID:0001594
CHEMONTID:0001601
CHEMONTID:0001675
CHEMONTID:0001685
CHEMONTID:0001688
CHEMONTID:0001695
CHEMONTID:0001696
CHEMONTID:0001698
CHEMONTID:0001732
CHEMONTID:0001809
CHEMONTID:0001810
CHEMONTID:0001883
CHEMONTID:0001964
CHEMONTID:0001994
CHEMONTID:0001996
CHEMONTID:0002003
CHEMONTID:0002009
CHEMONTID:0002186
CHEMONTID:0002254
CHEMONTID:0002255
CHEMONTID:0002259
CHEMONTID:0002260
CHEMONTID:0002262
CHEMONTID:0002264
CHEMONTID:0002273
CHEMONTID:0002278
CHEMONTID:0002281
CHEMONTID:0002309
CHEMONTID:0002356
CHEMONTID:0002495
CHEMONTID:0002405
CHEMONTID:0002436
CHEMONTID:0002437
CHEMONTID:0002438
CHEMONTID:0002439
CHEMONTID:0002510
CHEMONTID:0002511
CHEMONTID:0002512
CHEMONTID:0002514
CHEMONTID:0002515
CHEMONTID:0002559
CHEMONTID:0002629
CHEMONTID:0002630
CHEMONTID:0002631
CHEMONTID:0002633
CHEMONTID:0002646
CHEMONTID:0002682
CHEMONTID:0002697
CHEMONTID:0002698
CHEMONTID:0002708
CHEMONTID:0002709
CHEMONTID:0002710
CHEMONTID:0002739
CHEMONTID:0002785
CHEMONTID:0002788
CHEMONTID:0002789
CHEMONTID:0002827
CHEMONTID:0002828
CHEMONTID:0002830
CHEMONTID:0002831
CHEMONTID:0002832
CHEMONTID:0002833
CHEMONTID:0002850
CHEMONTID:0002947
CHEMONTID:0002954
CHEMONTID:0002965
CHEMONTID:0002996
CHEMONTID:0002997
CHEMONTID:0003008
CHEMONTID:0003039
CHEMONTID:0003044
CHEMONTID:0003046
CHEMONTID:0003062
CHEMONTID:0003075
CHEMONTID:0003101
CHEMONTID:0003102
CHEMONTID:0003103
CHEMONTID:0003106
CHEMONTID:0003170
CHEMONTID:0003171
CHEMONTID:0003172
CHEMONTID:0003173
CHEMONTID:0003176
CHEMONTID:0003177
CHEMONTID:0003178
CHEMONTID:0003179
CHEMONTID:0003184
CHEMONTID:0003185
CHEMONTID:0003224
CHEMONTID:0003225
CHEMONTID:0003226
CHEMONTID:0003246
CHEMONTID:0003251
CHEMONTID:0003304
CHEMONTID:0003312
CHEMONTID:0003323
CHEMONTID:0003324
CHEMONTID:0003334
CHEMONTID:0003335
CHEMONTID:0003350
CHEMONTID:0003445
CHEMONTID:0003446
CHEMONTID:0003483
CHEMONTID:0003497
CHEMONTID:0003498
CHEMONTID:0003499
CHEMONTID:0003500
CHEMONTID:0003529
CHEMONTID:0003532
CHEMONTID:0003534
CHEMONTID:0003538
CHEMONTID:0003539
CHEMONTID:0003541
CHEMONTID:0003551
CHEMONTID:0003552
CHEMONTID:0003556
CHEMONTID:0003555
CHEMONTID:0003581
CHEMONTID:0003586
CHEMONTID:0003626
CHEMONTID:0003627
CHEMONTID:0003658
CHEMONTID:0003659
CHEMONTID:0003663
CHEMONTID:0003671
CHEMONTID:0003673
CHEMONTID:0003674
CHEMONTID:0003702
CHEMONTID:0003753
CHEMONTID:0003779
CHEMONTID:0003780
CHEMONTID:0003781
CHEMONTID:0003901
CHEMONTID:0003902
CHEMONTID:0003957
CHEMONTID:0004000
CHEMONTID:0004002
CHEMONTID:0004010
CHEMONTID:0004011
CHEMONTID:0004012
CHEMONTID:0004013
CHEMONTID:0004014
CHEMONTID:0004015
CHEMONTID:0004016
CHEMONTID:0004022
CHEMONTID:0004023
CHEMONTID:0004028
CHEMONTID:0004033
CHEMONTID:0004034
CHEMONTID:0004035
CHEMONTID:0004044
CHEMONTID:0004045
CHEMONTID:0004059
CHEMONTID:0004082
CHEMONTID:0004119
CHEMONTID:0004135
CHEMONTID:0004143
CHEMONTID:0004223
CHEMONTID:0004224
CHEMONTID:0004250
CHEMONTID:0004252
CHEMONTID:0004263
CHEMONTID:0004264
CHEMONTID:0004272
CHEMONTID:0004273
CHEMONTID:0004275
CHEMONTID:0004296
CHEMONTID:0004299
CHEMONTID:0004301
CHEMONTID:0004305
CHEMONTID:0004307
CHEMONTID:0004310
CHEMONTID:0004311
CHEMONTID:0004312
CHEMONTID:0004313
CHEMONTID:0004314
CHEMONTID:0004315
CHEMONTID:0004316
CHEMONTID:0004317
CHEMONTID:0004318
CHEMONTID:0004319
CHEMONTID:0004320
CHEMONTID:0004321
CHEMONTID:0004322
CHEMONTID:0004323
CHEMONTID:0004325
CHEMONTID:0004329
CHEMONTID:0004330
CHEMONTID:0004344
CHEMONTID:0004410
CHEMONTID:0004411
CHEMONTID:0004412
CHEMONTID:0004427
CHEMONTID:0004480
CHEMONTID:0004816
CHEMONTID:0004518
CHEMONTID:0004535
CHEMONTID:0004536
CHEMONTID:0004546
CHEMONTID:0004576
CHEMONTID:0004581
CHEMONTID:0004626
CHEMONTID:0004627
CHEMONTID:0004641
CHEMONTID:0004668
CHEMONTID:0004685
CHEMONTID:0004688
CHEMONTID:0004689
CHEMONTID:0004690
CHEMONTID:0004696
CHEMONTID:0004702
CHEMONTID:0004717
CHEMONTID:0004718
CHEMONTID:0004719
CHEMONTID:0004728
CHEMONTID:0004756
CHEMONTID:0004757
CHEMONTID:0004786
CHEMONTID:0004796
CHEMONTID:0004809
CHEMONTID:0002851
CHEMONTID:0002402
CHEMONTID:0001224
CHEMONTID:0001258
CHEMONTID:0001441
CHEMONTID:0001588
CHEMONTID:0001689
CHEMONTID:0001790
CHEMONTID:0002075
CHEMONTID:0002122
CHEMONTID:0002123
CHEMONTID:0002250
CHEMONTID:0002274
CHEMONTID:0002282
CHEMONTID:0002384
CHEMONTID:0002385
CHEMONTID:0002386
CHEMONTID:0002387
CHEMONTID:0002513
CHEMONTID:0002560
CHEMONTID:0002683
CHEMONTID:0002684
CHEMONTID:0002685
CHEMONTID:0002711
CHEMONTID:0002712
CHEMONTID:0002713
CHEMONTID:0002714
CHEMONTID:0002715
CHEMONTID:0002716
CHEMONTID:0002812
CHEMONTID:0002813
CHEMONTID:0002814
CHEMONTID:0002815
CHEMONTID:0002816
CHEMONTID:0002826
CHEMONTID:0002964
CHEMONTID:0003009
CHEMONTID:0003037
CHEMONTID:0003038
CHEMONTID:0003043
CHEMONTID:0003063
CHEMONTID:0003064
CHEMONTID:0003210
CHEMONTID:0003223
CHEMONTID:0003283
CHEMONTID:0003286
CHEMONTID:0003333
CHEMONTID:0003336
CHEMONTID:0004146
CHEMONTID:0003447
CHEMONTID:0003448
CHEMONTID:0003517
CHEMONTID:0003518
CHEMONTID:0003519
CHEMONTID:0003521
CHEMONTID:0003553
CHEMONTID:0003554
CHEMONTID:0003575
CHEMONTID:0003576
CHEMONTID:0003925
CHEMONTID:0003978
CHEMONTID:0004030
CHEMONTID:0004031
CHEMONTID:0004032
CHEMONTID:0004145
CHEMONTID:0004179
CHEMONTID:0004180
CHEMONTID:0004297
CHEMONTID:0004298
CHEMONTID:0004300
CHEMONTID:0004302
CHEMONTID:0004304
CHEMONTID:0004343
CHEMONTID:0004512
CHEMONTID:0004523
CHEMONTID:0004555
CHEMONTID:0004577
CHEMONTID:0004578
CHEMONTID:0004584
CHEMONTID:0004642
CHEMONTID:0004768
CHEMONTID:0004787
CHEMONTID:0004797
CHEMONTID:0000152
CHEMONTID:0000276
CHEMONTID:0001791
CHEMONTID:0002388
CHEMONTID:0002390
CHEMONTID:0002403
CHEMONTID:0002492
CHEMONTID:0002493
CHEMONTID:0002494
CHEMONTID:0002620
CHEMONTID:0003010
CHEMONTID:0003011
CHEMONTID:0003049
CHEMONTID:0003050
CHEMONTID:0003211
CHEMONTID:0003212
CHEMONTID:0003441
CHEMONTID:0003573
CHEMONTID:0003574
CHEMONTID:0004148
CHEMONTID:0004556
CHEMONTID:0004673
CHEMONTID:0002522
CHEMONTID:0003048
CHEMONTID:0003442
CHEMONTID:0004260
CHEMONTID:0004267
CHEMONTID:0004278
CHEMONTID:0004279
CHEMONTID:0004261
CHEMONTID:0004830
CHEMONTID:0004831
CHEMONTID:0001018
CHEMONTID:0001218
